date,10,20,16,24,39,80,131,84,138,35,21,83,13,38,85,22,82,86,112,11,31,111,27,28,32,23,134,12,107,29,57,132,135,101,100,141,97,56,60,130,139,136,34,52,53,126,98,19,18,62,105,99,81,58,109,55,145,133,104,51,95,54,103,116,is_open,holidays,gaestezahlen,arrival,departure,temperature,precipitation,cloud_cover,wind_speed,wind_direction
2019-02-25,615.0,182.0,222.0,170.0,83.0,128.0,187.0,102.0,185.0,141.0,117.0,95.0,89.0,68.0,6.0,94.0,67.0,117.0,55.0,44.0,27.0,0.0,25.0,30.0,0.0,56.0,25.0,42.0,49.0,25.0,49.0,3.0,1.0,45.0,32.0,12.0,9.0,0.0,0.0,49.0,0.0,16.0,9.0,13.0,26.0,0.0,7.0,95.0,102.0,21.0,25.0,1.0,13.0,14.0,0.0,7.0,15.0,14.0,17.0,0.0,0.0,23.0,0.0,0.0,51.0,216.0,92400.0,11.0,11.0,46889.77,1.18,10243.0,862.25,35334.0
2019-03-04,877.0,246.0,296.0,221.0,165.0,183.0,234.0,154.0,175.0,189.0,150.0,114.0,130.0,96.0,6.0,139.0,54.0,127.0,65.0,64.0,34.0,0.0,19.0,29.0,37.0,53.0,77.0,39.0,89.0,27.0,35.0,0.0,0.0,41.0,33.0,16.0,21.0,0.0,0.0,38.0,0.0,30.0,8.0,17.0,21.0,0.0,30.0,145.0,125.0,19.0,21.0,15.0,12.0,10.0,0.0,6.0,15.0,20.0,30.0,1.0,0.0,22.0,0.0,0.0,48.0,408.0,154800.0,16.0,14.0,47039.76,20.4,10664.0,1018.67,40543.0
2019-03-11,810.0,213.0,164.0,135.0,72.0,108.0,207.0,92.0,126.0,189.0,119.0,62.0,133.0,66.0,0.0,71.0,64.0,116.0,68.0,73.0,18.0,0.0,27.0,25.0,9.0,68.0,95.0,40.0,74.0,24.0,28.0,0.0,7.0,44.0,45.0,7.0,18.0,0.0,0.0,37.0,0.0,0.0,10.0,23.0,24.0,0.0,19.0,118.0,125.0,28.0,0.0,14.0,14.0,6.0,0.0,4.0,33.0,21.0,20.0,0.0,0.0,11.0,0.0,0.0,52.0,192.0,184800.0,17.0,14.0,46965.52,35.83,13840.0,1504.76,40903.0
2019-03-18,684.0,204.0,171.0,136.0,82.0,147.0,182.0,96.0,155.0,157.0,189.0,86.0,88.0,95.0,0.0,88.0,62.0,116.0,45.0,64.0,26.0,0.0,26.0,22.0,20.0,57.0,37.0,45.0,39.0,25.0,33.0,51.0,11.0,22.0,40.0,7.0,5.0,0.0,0.0,24.0,0.0,14.0,15.0,26.0,24.0,0.0,7.0,138.0,130.0,28.0,0.0,7.0,12.0,11.0,0.0,3.0,16.0,0.0,9.0,1.0,0.0,26.0,0.0,0.0,45.0,96.0,121200.0,14.0,14.0,47014.7,44.15,12630.0,1834.75,42120.0
2019-03-25,803.0,236.0,309.0,101.0,119.0,174.0,207.0,92.0,182.0,177.0,162.0,75.0,116.0,81.0,32.0,150.0,75.0,99.0,40.0,81.0,29.0,0.0,32.0,22.0,27.0,84.0,57.0,55.0,6.0,37.0,41.0,70.0,0.0,69.0,30.0,14.0,0.0,0.0,0.0,11.0,0.0,0.0,14.0,14.0,15.0,0.0,0.0,151.0,147.0,28.0,12.0,0.0,8.0,7.0,0.0,7.0,0.0,15.0,0.0,1.0,0.0,8.0,0.0,0.0,51.0,0.0,135600.0,14.0,13.0,47156.0,4.52,11492.0,934.02,44168.0
2019-04-01,992.0,279.0,450.0,134.0,129.0,260.0,291.0,108.0,104.0,270.0,229.0,111.0,163.0,89.0,0.0,190.0,75.0,149.0,33.0,87.0,38.0,0.0,32.0,31.0,45.0,87.0,37.0,80.0,52.0,53.0,49.0,8.0,49.0,45.0,18.0,16.0,11.0,0.0,0.0,10.0,0.0,14.0,10.0,20.0,33.0,0.0,17.0,209.0,174.0,28.0,45.0,4.0,8.0,24.0,0.0,8.0,0.0,0.0,3.0,1.0,0.0,13.0,0.0,0.0,50.0,0.0,157200.0,18.0,17.0,46945.73,0.94,9535.0,838.05,37813.0
2019-04-08,999.0,368.0,280.0,263.0,149.0,228.0,248.0,105.0,111.0,263.0,226.0,95.0,149.0,118.0,0.0,135.0,76.0,147.0,40.0,66.0,35.0,24.0,38.0,34.0,35.0,66.0,155.0,52.0,48.0,35.0,43.0,1.0,0.0,0.0,48.0,10.0,33.0,0.0,0.0,10.0,0.0,16.0,16.0,25.0,21.0,0.0,19.0,173.0,161.0,23.0,29.0,15.0,7.0,14.0,0.0,8.0,15.0,0.0,2.0,0.0,0.0,0.0,0.0,0.0,57.0,216.0,182400.0,17.0,17.0,47383.37,23.78,9560.0,785.44,25973.0
2019-04-15,1086.0,426.0,424.0,367.0,226.0,331.0,255.0,143.0,168.0,273.0,213.0,75.0,183.0,146.0,59.0,115.0,81.0,130.0,110.0,107.0,29.0,50.0,40.0,30.0,29.0,66.0,64.0,71.0,54.0,33.0,39.0,14.0,0.0,26.0,11.0,15.0,14.0,11.0,0.0,27.0,0.0,51.0,20.0,26.0,19.0,0.0,24.0,198.0,203.0,43.0,7.0,15.0,10.0,18.0,0.0,9.0,30.0,18.0,13.0,2.0,0.0,0.0,0.0,0.0,54.0,720.0,350400.0,21.0,23.0,46809.41,2.5100000000000002,6460.0,1190.84,11588.0
2019-04-22,1608.0,674.0,604.0,614.0,442.0,468.0,413.0,360.0,345.0,331.0,412.0,201.0,257.0,344.0,63.0,207.0,180.0,238.0,141.0,191.0,72.0,160.0,82.0,86.0,86.0,129.0,88.0,49.0,68.0,48.0,51.0,153.0,11.0,47.0,85.0,21.0,27.0,22.0,0.0,20.0,0.0,60.0,18.0,33.0,29.0,0.0,27.0,249.0,192.0,40.0,2.0,26.0,20.0,13.0,0.0,7.0,48.0,32.0,0.0,7.0,0.0,0.0,0.0,0.0,63.0,2280.0,453600.0,22.0,22.0,47792.7,0.0,1871.0,1152.66,14458.0
2019-04-29,1354.0,424.0,333.0,341.0,331.0,312.0,357.0,165.0,361.0,349.0,242.0,131.0,180.0,153.0,97.0,150.0,138.0,195.0,164.0,138.0,79.0,137.0,67.0,78.0,44.0,96.0,118.0,53.0,45.0,44.0,46.0,158.0,3.0,13.0,59.0,21.0,25.0,29.0,0.0,40.0,0.0,63.0,17.0,19.0,19.0,0.0,21.0,188.0,192.0,32.0,0.0,19.0,15.0,8.0,0.0,8.0,46.0,32.0,7.0,0.0,0.0,0.0,0.0,0.0,63.0,1416.0,391200.0,22.0,20.0,47959.72,12.57,11261.0,958.46,33908.0
2019-05-06,893.0,303.0,238.0,264.0,267.0,200.0,413.0,225.0,299.0,252.0,220.0,106.0,110.0,152.0,102.0,107.0,110.0,165.0,81.0,64.0,36.0,61.0,68.0,61.0,32.0,69.0,95.0,51.0,49.0,51.0,57.0,94.0,0.0,32.0,41.0,21.0,34.0,32.0,0.0,55.0,0.0,46.0,36.0,26.0,20.0,0.0,23.0,137.0,173.0,27.0,0.0,27.0,8.0,12.0,0.0,2.0,32.0,49.0,18.0,10.0,0.0,0.0,0.0,0.0,63.0,48.0,405600.0,21.0,21.0,47259.67,6.19,10960.0,1216.07,51503.0
2019-05-13,707.0,234.0,244.0,187.0,194.0,132.0,246.0,175.0,228.0,210.0,173.0,104.0,82.0,99.0,103.0,60.0,82.0,154.0,57.0,100.0,32.0,64.0,41.0,43.0,38.0,65.0,74.0,42.0,32.0,30.0,50.0,81.0,30.0,14.0,37.0,19.0,13.0,19.0,0.0,10.0,0.0,29.0,19.0,21.0,18.0,0.0,18.0,138.0,111.0,28.0,21.0,6.0,14.0,10.0,0.0,6.0,1.0,1.0,15.0,0.0,0.0,0.0,0.0,0.0,63.0,24.0,285600.0,19.0,18.0,47468.14,7.98,8291.0,909.18,40308.0
2019-05-20,861.0,341.0,244.0,219.0,211.0,214.0,334.0,187.0,221.0,171.0,193.0,80.0,100.0,61.0,82.0,108.0,80.0,141.0,84.0,86.0,37.0,76.0,35.0,34.0,38.0,61.0,70.0,53.0,23.0,32.0,53.0,67.0,30.0,46.0,39.0,33.0,14.0,30.0,0.0,38.0,0.0,28.0,22.0,29.0,26.0,0.0,11.0,99.0,148.0,22.0,13.0,18.0,10.0,9.0,0.0,5.0,26.0,23.0,0.0,2.0,0.0,0.0,0.0,0.0,63.0,96.0,285600.0,21.0,21.0,47945.52,3.65,10798.0,900.72,12307.0
2019-05-27,981.0,317.0,216.0,210.0,156.0,165.0,386.0,159.0,327.0,218.0,190.0,71.0,134.0,69.0,83.0,113.0,93.0,155.0,87.0,88.0,44.0,74.0,35.0,31.0,33.0,73.0,111.0,62.0,14.0,27.0,58.0,122.0,46.0,92.0,31.0,35.0,24.0,30.0,0.0,42.0,0.0,47.0,29.0,39.0,23.0,0.0,13.0,133.0,144.0,25.0,5.0,8.0,21.0,9.0,0.0,8.0,35.0,32.0,0.0,4.0,0.0,0.0,0.0,0.0,63.0,0.0,433200.0,18.0,20.0,48033.56,12.81,12101.0,1095.27,46259.0
2019-06-03,1195.0,233.0,279.0,307.0,166.0,359.0,268.0,221.0,284.0,259.0,229.0,114.0,76.0,84.0,105.0,115.0,95.0,184.0,115.0,124.0,60.0,99.0,62.0,63.0,66.0,59.0,59.0,69.0,0.0,32.0,49.0,90.0,0.0,46.0,0.0,23.0,14.0,34.0,0.0,33.0,0.0,47.0,30.0,27.0,23.0,0.0,15.0,170.0,164.0,28.0,0.0,17.0,9.0,10.0,0.0,5.0,4.0,1.0,0.0,12.0,0.0,0.0,0.0,0.0,54.0,288.0,424800.0,26.0,25.0,48485.82,7.15,11812.0,877.19,39129.0
2019-06-10,1013.0,362.0,374.0,251.0,232.0,325.0,394.0,194.0,338.0,263.0,254.0,102.0,134.0,120.0,112.0,130.0,114.0,184.0,155.0,103.0,69.0,114.0,61.0,73.0,47.0,68.0,83.0,57.0,0.0,48.0,56.0,99.0,31.0,33.0,0.0,50.0,14.0,24.0,0.0,21.0,0.0,39.0,25.0,30.0,25.0,0.0,15.0,147.0,146.0,23.0,0.0,24.0,16.0,6.0,0.0,9.0,0.0,30.0,0.0,2.0,0.0,1.0,0.0,0.0,63.0,168.0,454800.0,25.0,25.0,48656.32,8.9,11884.0,1062.6,24491.0
2019-06-17,1406.0,427.0,521.0,446.0,310.0,433.0,457.0,267.0,382.0,352.0,296.0,139.0,139.0,214.0,136.0,126.0,165.0,204.0,165.0,147.0,59.0,106.0,69.0,62.0,51.0,84.0,128.0,100.0,43.0,39.0,56.0,122.0,24.0,69.0,0.0,19.0,15.0,34.0,0.0,31.0,0.0,36.0,37.0,36.0,35.0,0.0,26.0,189.0,219.0,46.0,0.0,20.0,19.0,13.0,0.0,16.0,3.0,32.0,0.0,6.0,0.0,0.0,0.0,0.0,63.0,384.0,523200.0,22.0,19.0,48677.9,36.78,8895.0,752.93,26138.0
2019-06-24,1632.0,337.0,440.0,417.0,452.0,377.0,348.0,227.0,304.0,374.0,235.0,172.0,146.0,187.0,129.0,149.0,162.0,220.0,198.0,88.0,75.0,166.0,77.0,53.0,65.0,53.0,89.0,61.0,63.0,45.0,62.0,123.0,46.0,39.0,0.0,33.0,25.0,45.0,0.0,19.0,0.0,33.0,30.0,36.0,30.0,18.0,24.0,249.0,275.0,33.0,0.0,32.0,18.0,13.0,0.0,11.0,0.0,31.0,0.0,0.0,0.0,0.0,0.0,0.0,63.0,432.0,480000.0,21.0,22.0,49002.44,6.51,10077.0,783.75,28868.0
2019-07-01,1040.0,277.0,267.0,270.0,346.0,239.0,307.0,174.0,271.0,253.0,187.0,132.0,103.0,159.0,118.0,98.0,97.0,155.0,137.0,90.0,51.0,94.0,46.0,54.0,54.0,65.0,92.0,58.0,42.0,30.0,49.0,117.0,31.0,50.0,0.0,16.0,28.0,34.0,0.0,4.0,0.0,14.0,29.0,23.0,23.0,13.0,23.0,112.0,138.0,20.0,0.0,17.0,16.0,14.0,0.0,11.0,0.0,0.0,0.0,2.0,0.0,0.0,0.0,0.0,54.0,576.0,420000.0,22.0,21.0,48941.19,0.7,8581.0,990.56,38181.0
2019-07-08,1684.0,501.0,473.0,405.0,483.0,457.0,384.0,271.0,315.0,294.0,256.0,166.0,161.0,215.0,137.0,164.0,130.0,158.0,195.0,121.0,106.0,179.0,119.0,100.0,99.0,106.0,133.0,94.0,66.0,40.0,65.0,144.0,15.0,75.0,25.0,21.0,25.0,38.0,0.0,79.0,1.0,30.0,34.0,36.0,32.0,30.0,16.0,202.0,189.0,33.0,3.0,26.0,17.0,16.0,0.0,11.0,1.0,38.0,1.0,2.0,0.0,0.0,0.0,0.0,63.0,1752.0,441600.0,25.0,25.0,48439.35,3.95,11958.0,1253.54,49736.0
2019-07-15,1728.0,675.0,686.0,542.0,518.0,537.0,399.0,275.0,267.0,73.0,259.0,176.0,268.0,342.0,195.0,224.0,261.0,170.0,159.0,200.0,136.0,151.0,150.0,156.0,144.0,200.0,83.0,153.0,63.0,44.0,65.0,168.0,53.0,67.0,0.0,31.0,21.0,42.0,0.0,57.0,0.0,44.0,31.0,33.0,24.0,46.0,10.0,0.0,1.0,31.0,3.0,27.0,19.0,14.0,0.0,13.0,0.0,14.0,0.0,1.0,43.0,0.0,0.0,0.0,54.0,2208.0,526800.0,31.0,26.0,48448.89,12.42,14980.0,961.03,49789.0
2019-07-22,2027.0,792.0,821.0,684.0,902.0,565.0,479.0,426.0,249.0,164.0,353.0,231.0,288.0,534.0,239.0,226.0,290.0,248.0,242.0,260.0,238.0,178.0,162.0,184.0,159.0,172.0,109.0,148.0,73.0,52.0,90.0,148.0,0.0,62.0,0.0,41.0,40.0,29.0,0.0,59.0,0.0,31.0,40.0,35.0,36.0,8.0,23.0,14.0,6.0,37.0,0.0,26.0,18.0,22.0,0.0,14.0,0.0,16.0,0.0,6.0,38.0,0.0,11.0,1.0,54.0,2352.0,597600.0,29.0,28.0,48900.35,18.5,12082.0,834.66,37085.0
2019-07-29,2284.0,937.0,1125.0,954.0,852.0,684.0,497.0,391.0,276.0,234.0,371.0,214.0,370.0,424.0,219.0,256.0,305.0,207.0,204.0,239.0,195.0,205.0,200.0,243.0,216.0,143.0,131.0,171.0,90.0,59.0,92.0,118.0,0.0,34.0,0.0,47.0,53.0,34.0,5.0,18.0,0.0,32.0,36.0,41.0,30.0,42.0,34.0,10.0,0.0,52.0,8.0,28.0,31.0,18.0,0.0,16.0,0.0,16.0,0.0,5.0,16.0,0.0,27.0,0.0,63.0,2400.0,616800.0,30.0,26.0,49872.39,2.5300000000000002,5584.0,1000.25,21213.0
2019-08-05,2043.0,878.0,960.0,824.0,804.0,669.0,549.0,493.0,403.0,216.0,318.0,246.0,369.0,512.0,245.0,208.0,310.0,207.0,281.0,207.0,235.0,216.0,163.0,226.0,201.0,127.0,110.0,178.0,102.0,47.0,105.0,183.0,0.0,72.0,0.0,24.0,48.0,32.0,2.0,26.0,0.0,45.0,42.0,46.0,36.0,61.0,37.0,0.0,0.0,44.0,3.0,32.0,28.0,13.0,0.0,10.0,0.0,0.0,0.0,0.0,106.0,0.0,31.0,0.0,63.0,2568.0,624000.0,31.0,29.0,49061.24,12.22,9203.0,637.88,30578.0
2019-08-12,1848.0,933.0,803.0,649.0,806.0,539.0,508.0,423.0,395.0,247.0,342.0,240.0,370.0,587.0,220.0,204.0,294.0,217.0,239.0,251.0,188.0,163.0,175.0,189.0,192.0,151.0,113.0,164.0,52.0,51.0,99.0,196.0,1.0,68.0,0.0,0.0,38.0,33.0,0.0,20.0,0.0,81.0,40.0,41.0,34.0,96.0,26.0,0.0,0.0,37.0,14.0,37.0,29.0,22.0,0.0,16.0,0.0,0.0,0.0,0.0,156.0,0.0,38.0,0.0,63.0,1920.0,590400.0,28.0,25.0,49039.6,12.540000000000001,9159.0,1184.15,37244.0
2019-08-19,1671.0,772.0,773.0,676.0,812.0,575.0,564.0,386.0,443.0,220.0,341.0,241.0,267.0,499.0,192.0,150.0,244.0,200.0,257.0,271.0,207.0,174.0,191.0,244.0,187.0,156.0,128.0,171.0,70.0,24.0,112.0,153.0,2.0,147.0,0.0,0.0,13.0,35.0,0.0,29.0,1.0,62.0,42.0,46.0,41.0,244.0,16.0,0.0,0.0,32.0,29.0,16.0,14.0,17.0,0.0,16.0,0.0,12.0,0.0,0.0,162.0,0.0,26.0,0.0,63.0,864.0,598800.0,27.0,29.0,48702.74,47.99,11862.0,1078.28,38621.0
2019-08-26,1568.0,734.0,649.0,597.0,725.0,576.0,454.0,362.0,293.0,198.0,289.0,204.0,281.0,435.0,201.0,150.0,313.0,190.0,174.0,213.0,177.0,144.0,97.0,172.0,128.0,171.0,114.0,132.0,57.0,29.0,98.0,96.0,0.0,105.0,48.0,0.0,34.0,41.0,0.0,0.0,0.0,42.0,30.0,36.0,33.0,91.0,28.0,0.0,0.0,39.0,0.0,29.0,21.0,17.0,0.0,16.0,0.0,0.0,0.0,0.0,42.0,0.0,24.0,0.0,63.0,504.0,612000.0,27.0,27.0,49105.6,1.36,5531.0,728.13,26451.0
2019-09-02,923.0,533.0,496.0,449.0,458.0,410.0,393.0,317.0,356.0,195.0,237.0,146.0,266.0,300.0,156.0,142.0,198.0,148.0,176.0,144.0,123.0,182.0,79.0,143.0,72.0,137.0,62.0,145.0,45.0,41.0,89.0,72.0,0.0,53.0,0.0,0.0,47.0,28.0,0.0,0.0,1.0,91.0,29.0,29.0,29.0,112.0,46.0,0.0,0.0,20.0,0.0,26.0,13.0,10.0,0.0,13.0,15.0,0.0,0.0,3.0,0.0,0.0,1.0,0.0,63.0,360.0,572400.0,24.0,25.0,49291.53,9.1,9042.0,749.12,36514.0
2019-09-09,831.0,453.0,484.0,304.0,264.0,304.0,400.0,270.0,422.0,116.0,245.0,152.0,178.0,237.0,142.0,128.0,124.0,185.0,178.0,104.0,109.0,192.0,110.0,103.0,117.0,80.0,115.0,61.0,70.0,22.0,66.0,78.0,3.0,45.0,13.0,0.0,19.0,47.0,1.0,9.0,0.0,32.0,29.0,34.0,21.0,41.0,21.0,0.0,0.0,24.0,0.0,18.0,8.0,11.0,0.0,9.0,14.0,0.0,0.0,3.0,12.0,0.0,0.0,0.0,63.0,336.0,492000.0,22.0,20.0,48388.22,36.43,10506.0,1117.92,38820.0
2019-09-16,937.0,485.0,404.0,313.0,226.0,265.0,367.0,188.0,349.0,150.0,239.0,88.0,169.0,195.0,77.0,134.0,117.0,187.0,176.0,79.0,69.0,150.0,78.0,86.0,74.0,83.0,191.0,86.0,35.0,21.0,57.0,85.0,30.0,80.0,57.0,12.0,47.0,50.0,0.0,0.0,0.0,54.0,33.0,36.0,18.0,44.0,15.0,0.0,0.0,28.0,0.0,12.0,12.0,10.0,0.0,6.0,0.0,0.0,0.0,9.0,57.0,0.0,4.0,0.0,63.0,24.0,360000.0,21.0,20.0,48489.03,10.01,10419.0,1088.42,45145.0
2019-09-23,980.0,412.0,369.0,213.0,246.0,257.0,310.0,199.0,343.0,104.0,269.0,91.0,187.0,200.0,74.0,78.0,105.0,179.0,190.0,100.0,84.0,133.0,96.0,83.0,93.0,44.0,173.0,79.0,52.0,41.0,53.0,69.0,10.0,96.0,34.0,37.0,27.0,44.0,0.0,8.0,0.0,44.0,36.0,37.0,22.0,27.0,28.0,0.0,0.0,25.0,19.0,16.0,13.0,13.0,0.0,5.0,0.0,10.0,15.0,2.0,14.0,0.0,0.0,0.0,63.0,0.0,364800.0,17.0,19.0,48337.1,5.08,9014.0,1035.39,41278.0
2019-09-30,814.0,434.0,270.0,193.0,174.0,239.0,363.0,155.0,326.0,107.0,181.0,68.0,152.0,167.0,70.0,120.0,96.0,162.0,150.0,75.0,65.0,113.0,66.0,85.0,71.0,58.0,128.0,62.0,42.0,27.0,50.0,64.0,2.0,97.0,43.0,40.0,20.0,24.0,0.0,10.0,0.0,53.0,26.0,26.0,24.0,25.0,15.0,0.0,3.0,25.0,18.0,16.0,11.0,10.0,0.0,8.0,18.0,8.0,9.0,0.0,12.0,0.0,0.0,0.0,63.0,48.0,369600.0,21.0,20.0,48410.73,67.97,13452.0,1200.87,34451.0
2019-10-07,1303.0,548.0,454.0,304.0,300.0,296.0,423.0,161.0,375.0,94.0,245.0,74.0,169.0,150.0,78.0,140.0,105.0,148.0,132.0,94.0,92.0,107.0,95.0,74.0,96.0,94.0,125.0,86.0,46.0,11.0,55.0,98.0,7.0,29.0,29.0,30.0,40.0,27.0,0.0,11.0,0.0,53.0,32.0,27.0,23.0,69.0,15.0,0.0,0.0,30.0,12.0,17.0,10.0,10.0,0.0,4.0,33.0,18.0,31.0,0.0,0.0,9.0,4.0,0.0,54.0,1152.0,429600.0,23.0,21.0,47648.59,34.37,12234.0,1076.35,26420.0
2019-10-14,1465.0,635.0,661.0,466.0,521.0,481.0,380.0,260.0,429.0,139.0,354.0,132.0,243.0,181.0,135.0,130.0,137.0,302.0,201.0,97.0,139.0,189.0,120.0,130.0,123.0,151.0,202.0,103.0,69.0,36.0,79.0,124.0,3.0,33.0,38.0,22.0,26.0,51.0,0.0,10.0,0.0,60.0,37.0,36.0,34.0,66.0,29.0,0.0,2.0,43.0,8.0,26.0,19.0,17.0,0.0,12.0,68.0,48.0,36.0,1.0,74.0,0.0,0.0,0.0,63.0,1824.0,432000.0,25.0,24.0,48042.49,50.57,14685.0,1384.98,36199.0
2019-10-21,1602.0,671.0,547.0,409.0,472.0,492.0,427.0,308.0,436.0,166.0,368.0,165.0,201.0,185.0,154.0,155.0,189.0,232.0,207.0,154.0,138.0,199.0,98.0,118.0,115.0,146.0,164.0,93.0,68.0,27.0,87.0,22.0,0.0,82.0,30.0,27.0,25.0,41.0,0.0,38.0,0.0,50.0,34.0,35.0,31.0,149.0,26.0,0.0,0.0,33.0,19.0,29.0,18.0,16.0,0.0,13.0,36.0,62.0,52.0,6.0,0.0,1.0,0.0,0.0,63.0,1152.0,204000.0,22.0,23.0,48036.45,30.810000000000002,14257.0,968.44,31055.0
2019-10-28,943.0,435.0,312.0,221.0,251.0,290.0,282.0,228.0,337.0,128.0,251.0,102.0,149.0,174.0,10.0,146.0,112.0,195.0,123.0,68.0,68.0,92.0,66.0,73.0,63.0,69.0,98.0,69.0,69.0,43.0,82.0,25.0,0.0,58.0,60.0,12.0,31.0,35.0,0.0,5.0,0.0,24.0,31.0,31.0,20.0,74.0,26.0,0.0,0.0,15.0,15.0,23.0,12.0,11.0,0.0,9.0,21.0,17.0,39.0,0.0,0.0,0.0,0.0,0.0,63.0,264.0,124800.0,23.0,21.0,47967.72,6.37,12542.0,1277.23,38090.0
2019-11-04,842.0,386.0,238.0,229.0,213.0,238.0,255.0,170.0,356.0,109.0,207.0,79.0,137.0,119.0,59.0,134.0,118.0,168.0,138.0,76.0,47.0,80.0,60.0,61.0,59.0,62.0,105.0,60.0,42.0,41.0,44.0,23.0,1.0,87.0,24.0,22.0,16.0,25.0,0.0,0.0,0.0,36.0,33.0,29.0,18.0,102.0,16.0,0.0,0.0,20.0,9.0,19.0,11.0,12.0,0.0,4.0,24.0,51.0,39.0,5.0,0.0,0.0,0.0,0.0,61.0,240.0,93600.0,19.0,18.0,47232.71,30.75,9143.0,885.95,25337.0
2019-11-11,411.0,208.0,137.0,109.0,53.0,88.0,218.0,102.0,145.0,68.0,85.0,42.0,63.0,59.0,52.0,40.0,40.0,76.0,66.0,51.0,14.0,36.0,17.0,17.0,17.0,53.0,63.0,39.0,30.0,8.0,44.0,0.0,0.0,43.0,18.0,9.0,18.0,14.0,0.0,1.0,0.0,26.0,18.0,16.0,14.0,34.0,8.0,0.0,0.0,15.0,0.0,10.0,11.0,3.0,0.0,6.0,18.0,0.0,22.0,0.0,0.0,0.0,0.0,0.0,50.0,168.0,72000.0,14.0,14.0,46965.92,16.17,12620.0,963.09,28741.0
2019-11-18,318.0,152.0,103.0,78.0,61.0,69.0,98.0,64.0,103.0,48.0,67.0,43.0,53.0,61.0,38.0,53.0,34.0,57.0,37.0,32.0,13.0,14.0,14.0,34.0,20.0,33.0,57.0,14.0,21.0,0.0,24.0,8.0,0.0,41.0,18.0,8.0,14.0,12.0,0.0,0.0,0.0,26.0,24.0,19.0,17.0,36.0,9.0,0.0,0.0,23.0,0.0,8.0,6.0,5.0,0.0,3.0,14.0,1.0,16.0,3.0,0.0,0.0,0.0,0.0,49.0,168.0,56400.0,14.0,14.0,46830.19,33.47,13643.0,1287.88,26918.0
2019-11-25,532.0,211.0,231.0,176.0,63.0,102.0,173.0,86.0,202.0,76.0,104.0,53.0,76.0,76.0,50.0,90.0,40.0,87.0,47.0,55.0,29.0,35.0,31.0,27.0,27.0,44.0,60.0,49.0,28.0,22.0,47.0,9.0,0.0,30.0,42.0,7.0,17.0,20.0,0.0,0.0,0.0,12.0,12.0,8.0,24.0,25.0,14.0,0.0,0.0,23.0,0.0,11.0,10.0,7.0,0.0,7.0,4.0,0.0,14.0,0.0,0.0,0.0,0.0,0.0,52.0,48.0,74400.0,15.0,15.0,46814.1,16.29,15372.0,1036.57,26565.0
2019-12-02,652.0,306.0,215.0,169.0,82.0,123.0,184.0,83.0,195.0,80.0,122.0,63.0,96.0,76.0,50.0,72.0,35.0,92.0,29.0,53.0,25.0,48.0,29.0,33.0,25.0,53.0,53.0,48.0,20.0,17.0,66.0,5.0,6.0,36.0,46.0,5.0,8.0,26.0,1.0,0.0,0.0,14.0,18.0,23.0,20.0,43.0,13.0,0.0,0.0,23.0,0.0,5.0,6.0,4.0,0.0,3.0,31.0,18.0,5.0,5.0,11.0,0.0,0.0,0.0,45.0,0.0,70800.0,14.0,15.0,47064.71,22.59,12690.0,1062.16,42893.0
2019-12-09,0.0,0.0,0.0,0.0,0.0,0.0,0.0,0.0,0.0,0.0,0.0,0.0,0.0,0.0,0.0,0.0,0.0,0.0,0.0,0.0,0.0,0.0,0.0,0.0,0.0,0.0,0.0,0.0,0.0,0.0,0.0,0.0,0.0,0.0,0.0,0.0,0.0,0.0,0.0,0.0,0.0,0.0,0.0,0.0,0.0,0.0,0.0,0.0,0.0,0.0,0.0,0.0,0.0,0.0,0.0,0.0,0.0,0.0,0.0,0.0,0.0,0.0,0.0,0.0,0.0,0.0,57600.0,13.0,13.0,47017.11,15.14,12732.0,1521.27,40198.0
2019-12-16,0.0,0.0,0.0,0.0,0.0,0.0,0.0,0.0,0.0,0.0,0.0,0.0,0.0,0.0,0.0,0.0,0.0,0.0,0.0,0.0,0.0,0.0,0.0,0.0,0.0,0.0,0.0,0.0,0.0,0.0,0.0,0.0,0.0,0.0,0.0,0.0,0.0,0.0,0.0,0.0,0.0,0.0,0.0,0.0,0.0,0.0,0.0,0.0,0.0,0.0,0.0,0.0,0.0,0.0,0.0,0.0,0.0,0.0,0.0,0.0,0.0,0.0,0.0,0.0,0.0,0.0,0.0,15.0,14.0,46764.53,10.19,13236.0,1445.97,34764.0
2019-12-23,178.0,101.0,67.0,70.0,19.0,36.0,30.0,25.0,31.0,44.0,34.0,10.0,50.0,14.0,18.0,32.0,10.0,12.0,9.0,15.0,11.0,13.0,10.0,10.0,8.0,32.0,8.0,17.0,6.0,0.0,19.0,0.0,0.0,2.0,5.0,2.0,0.0,2.0,0.0,0.0,0.0,0.0,8.0,8.0,4.0,3.0,4.0,0.0,0.0,10.0,0.0,2.0,3.0,3.0,0.0,7.0,0.0,0.0,0.0,20.0,0.0,0.0,0.0,0.0,8.0,504.0,0.0,16.0,15.0,47181.34,9.620000000000001,12793.0,1179.92,31418.0
2019-12-30,977.0,466.0,190.0,221.0,106.0,185.0,235.0,111.0,229.0,228.0,214.0,80.0,167.0,89.0,89.0,138.0,55.0,127.0,76.0,87.0,71.0,65.0,64.0,70.0,56.0,75.0,32.0,71.0,78.0,0.0,93.0,12.0,19.0,18.0,26.0,8.0,31.0,35.0,0.0,11.0,0.0,50.0,36.0,33.0,29.0,63.0,15.0,29.0,0.0,40.0,23.0,21.0,18.0,15.0,0.0,14.0,15.0,33.0,0.0,37.0,0.0,1.0,0.0,0.0,47.0,2688.0,178800.0,17.0,16.0,46584.16,6.78,12155.0,922.63,33909.0
2020-01-06,778.0,372.0,1.0,15.0,117.0,153.0,274.0,38.0,264.0,205.0,113.0,77.0,195.0,88.0,68.0,114.0,75.0,102.0,61.0,78.0,36.0,114.0,20.0,47.0,34.0,77.0,96.0,55.0,149.0,45.0,54.0,15.0,0.0,0.0,34.0,23.0,10.0,39.0,1.0,10.0,0.0,40.0,39.0,35.0,1.0,85.0,7.0,80.0,0.0,24.0,33.0,4.0,2.0,12.0,0.0,9.0,18.0,0.0,0.0,7.0,0.0,0.0,0.0,0.0,49.0,2112.0,261600.0,20.0,18.0,46673.8,12.3,13216.0,1190.19,41724.0
2020-01-13,0.0,0.0,0.0,0.0,0.0,0.0,0.0,0.0,0.0,0.0,0.0,0.0,0.0,0.0,0.0,0.0,0.0,0.0,0.0,0.0,0.0,0.0,0.0,0.0,0.0,0.0,0.0,0.0,0.0,0.0,0.0,0.0,0.0,0.0,0.0,0.0,0.0,0.0,0.0,0.0,0.0,0.0,0.0,0.0,0.0,0.0,0.0,0.0,0.0,0.0,0.0,0.0,0.0,0.0,0.0,0.0,0.0,0.0,0.0,0.0,0.0,0.0,0.0,0.0,0.0,120.0,24000.0,17.0,18.0,47104.85,24.52,14042.0,1362.84,38606.0
2020-01-20,0.0,0.0,0.0,0.0,0.0,0.0,0.0,0.0,0.0,0.0,0.0,0.0,0.0,0.0,0.0,0.0,0.0,0.0,0.0,0.0,0.0,0.0,0.0,0.0,0.0,0.0,0.0,0.0,0.0,0.0,0.0,0.0,0.0,0.0,0.0,0.0,0.0,0.0,0.0,0.0,0.0,0.0,0.0,0.0,0.0,0.0,0.0,0.0,0.0,0.0,0.0,0.0,0.0,0.0,0.0,0.0,0.0,0.0,0.0,0.0,0.0,0.0,0.0,0.0,0.0,0.0,0.0,11.0,11.0,47077.65,15.61,11506.0,1404.21,39876.0
2020-01-27,0.0,0.0,0.0,0.0,0.0,0.0,0.0,0.0,0.0,0.0,0.0,0.0,0.0,0.0,0.0,0.0,0.0,0.0,0.0,0.0,0.0,0.0,0.0,0.0,0.0,0.0,0.0,0.0,0.0,0.0,0.0,0.0,0.0,0.0,0.0,0.0,0.0,0.0,0.0,0.0,0.0,0.0,0.0,0.0,0.0,0.0,0.0,0.0,0.0,0.0,0.0,0.0,0.0,0.0,0.0,0.0,0.0,0.0,0.0,0.0,0.0,0.0,0.0,0.0,0.0,0.0,0.0,13.0,13.0,46654.14,6.31,14993.0,1018.88,39008.0
2020-02-03,0.0,0.0,0.0,0.0,0.0,0.0,0.0,0.0,0.0,0.0,0.0,0.0,0.0,0.0,0.0,0.0,0.0,0.0,0.0,0.0,0.0,0.0,0.0,0.0,0.0,0.0,0.0,0.0,0.0,0.0,0.0,0.0,0.0,0.0,0.0,0.0,0.0,0.0,0.0,0.0,0.0,0.0,0.0,0.0,0.0,0.0,0.0,0.0,0.0,0.0,0.0,0.0,0.0,0.0,0.0,0.0,0.0,0.0,0.0,0.0,0.0,0.0,0.0,0.0,0.0,120.0,0.0,15.0,15.0,47143.56,40.62,15021.0,1526.01,41108.0
2020-02-10,0.0,0.0,0.0,0.0,0.0,0.0,0.0,0.0,0.0,0.0,0.0,0.0,0.0,0.0,0.0,0.0,0.0,0.0,0.0,0.0,0.0,0.0,0.0,0.0,0.0,0.0,0.0,0.0,0.0,0.0,0.0,0.0,0.0,0.0,0.0,0.0,0.0,0.0,0.0,0.0,0.0,0.0,0.0,0.0,0.0,0.0,0.0,0.0,0.0,0.0,0.0,0.0,0.0,0.0,0.0,0.0,0.0,0.0,0.0,0.0,0.0,0.0,0.0,0.0,0.0,480.0,0.0,16.0,15.0,46985.96,28.83,10357.0,1398.4,39955.0
2020-02-17,0.0,0.0,0.0,0.0,0.0,0.0,0.0,0.0,0.0,0.0,0.0,0.0,0.0,0.0,0.0,0.0,0.0,0.0,0.0,0.0,0.0,0.0,0.0,0.0,0.0,0.0,0.0,0.0,0.0,0.0,0.0,0.0,0.0,0.0,0.0,0.0,0.0,0.0,0.0,0.0,0.0,0.0,0.0,0.0,0.0,0.0,0.0,0.0,0.0,0.0,0.0,0.0,0.0,0.0,0.0,0.0,0.0,0.0,0.0,0.0,0.0,0.0,0.0,0.0,0.0,576.0,0.0,14.0,14.0,47014.14,46.96,13336.0,1836.04,37785.0
2020-02-24,306.0,184.0,110.0,111.0,81.0,78.0,121.0,101.0,97.0,62.0,88.0,48.0,47.0,50.0,0.0,58.0,65.0,55.0,0.0,36.0,19.0,0.0,18.0,17.0,17.0,41.0,57.0,34.0,55.0,0.0,13.0,1.0,0.0,0.0,26.0,8.0,20.0,7.0,0.0,0.0,0.0,24.0,16.0,15.0,13.0,21.0,18.0,0.0,0.0,12.0,26.0,14.0,0.0,5.0,0.0,4.0,0.0,27.0,7.0,0.0,0.0,0.0,0.0,0.0,25.0,504.0,67200.0,16.0,16.0,47004.66,48.55,13540.0,1803.07,40944.0
2020-03-02,336.0,170.0,184.0,144.0,80.0,119.0,156.0,82.0,110.0,68.0,70.0,42.0,59.0,57.0,28.0,49.0,40.0,52.0,0.0,47.0,27.0,0.0,32.0,29.0,26.0,61.0,43.0,26.0,56.0,12.0,39.0,10.0,0.0,16.0,22.0,12.0,18.0,21.0,0.0,0.0,0.0,18.0,14.0,21.0,22.0,36.0,17.0,0.0,0.0,17.0,31.0,21.0,0.0,7.0,0.0,5.0,34.0,8.0,21.0,0.0,0.0,0.0,0.0,0.0,48.0,144.0,124800.0,15.0,17.0,46771.47,30.17,12534.0,1368.11,38711.0
2020-03-09,273.0,135.0,139.0,126.0,64.0,81.0,145.0,68.0,146.0,89.0,88.0,54.0,75.0,73.0,47.0,77.0,57.0,69.0,0.0,45.0,43.0,19.0,37.0,28.0,41.0,41.0,96.0,38.0,32.0,12.0,33.0,14.0,0.0,27.0,30.0,24.0,12.0,9.0,0.0,0.0,0.0,19.0,34.0,20.0,9.0,10.0,18.0,0.0,0.0,16.0,16.0,6.0,0.0,5.0,0.0,3.0,33.0,17.0,26.0,0.0,0.0,0.0,0.0,0.0,48.0,288.0,93600.0,14.0,14.0,46933.27,12.05,11353.0,1078.16,32992.0
2020-03-16,325.0,176.0,164.0,154.0,67.0,87.0,247.0,94.0,201.0,106.0,92.0,43.0,80.0,87.0,52.0,56.0,50.0,83.0,0.0,40.0,0.0,35.0,41.0,34.0,39.0,48.0,95.0,36.0,36.0,9.0,32.0,15.0,17.0,50.0,16.0,22.0,14.0,9.0,0.0,0.0,1.0,17.0,38.0,33.0,15.0,9.0,7.0,0.0,0.0,14.0,0.0,6.0,0.0,7.0,0.0,5.0,36.0,0.0,40.0,0.0,0.0,0.0,0.0,0.0,48.0,96.0,62400.0,15.0,15.0,47200.75,16.97,9891.0,1432.46,39929.0
2020-03-23,171.0,75.0,55.0,63.0,26.0,41.0,52.0,30.0,18.0,39.0,34.0,27.0,39.0,19.0,26.0,24.0,22.0,20.0,0.0,15.0,16.0,0.0,23.0,17.0,13.0,21.0,7.0,19.0,9.0,3.0,22.0,2.0,0.0,9.0,21.0,3.0,5.0,3.0,0.0,0.0,0.0,9.0,3.0,13.0,21.0,14.0,2.0,0.0,0.0,3.0,0.0,7.0,0.0,3.0,0.0,3.0,0.0,0.0,7.0,0.0,0.0,0.0,0.0,0.0,40.0,0.0,0.0,18.0,17.0,46854.95,3.0700000000000003,8602.0,1129.53,25928.0
2020-03-30,0.0,0.0,0.0,0.0,0.0,0.0,0.0,0.0,0.0,0.0,0.0,0.0,0.0,0.0,0.0,0.0,0.0,0.0,0.0,0.0,0.0,0.0,0.0,0.0,0.0,0.0,0.0,0.0,0.0,0.0,0.0,0.0,0.0,0.0,0.0,0.0,0.0,0.0,0.0,0.0,0.0,0.0,0.0,0.0,0.0,0.0,0.0,0.0,0.0,0.0,0.0,0.0,0.0,0.0,0.0,0.0,0.0,0.0,0.0,0.0,0.0,0.0,0.0,0.0,0.0,48.0,0.0,19.0,18.0,46465.47,2.45,5306.0,1225.69,21572.0
2020-04-06,0.0,0.0,0.0,0.0,0.0,0.0,0.0,0.0,0.0,0.0,0.0,0.0,0.0,0.0,0.0,0.0,0.0,0.0,0.0,0.0,0.0,0.0,0.0,0.0,0.0,0.0,0.0,0.0,0.0,0.0,0.0,0.0,0.0,0.0,0.0,0.0,0.0,0.0,0.0,0.0,0.0,0.0,0.0,0.0,0.0,0.0,0.0,0.0,0.0,0.0,0.0,0.0,0.0,0.0,0.0,0.0,0.0,0.0,0.0,0.0,0.0,0.0,0.0,0.0,0.0,576.0,0.0,23.0,24.0,47165.04,2.14,4359.0,1100.87,35517.0
2020-04-13,0.0,0.0,0.0,0.0,0.0,0.0,0.0,0.0,0.0,0.0,0.0,0.0,0.0,0.0,0.0,0.0,0.0,0.0,0.0,0.0,0.0,0.0,0.0,0.0,0.0,0.0,0.0,0.0,0.0,0.0,0.0,0.0,0.0,0.0,0.0,0.0,0.0,0.0,0.0,0.0,0.0,0.0,0.0,0.0,0.0,0.0,0.0,0.0,0.0,0.0,0.0,0.0,0.0,0.0,0.0,0.0,0.0,0.0,0.0,0.0,0.0,0.0,0.0,0.0,0.0,2184.0,0.0,25.0,24.0,47455.11,0.6699999999999999,8844.0,796.19,31187.0
2020-04-20,0.0,0.0,0.0,0.0,0.0,0.0,0.0,0.0,0.0,0.0,0.0,0.0,0.0,0.0,0.0,0.0,0.0,0.0,0.0,0.0,0.0,0.0,0.0,0.0,0.0,0.0,0.0,0.0,0.0,0.0,0.0,0.0,0.0,0.0,0.0,0.0,0.0,0.0,0.0,0.0,0.0,0.0,0.0,0.0,0.0,0.0,0.0,0.0,0.0,0.0,0.0,0.0,0.0,0.0,0.0,0.0,0.0,0.0,0.0,0.0,0.0,0.0,0.0,0.0,0.0,1440.0,0.0,23.0,21.0,47326.38,0.28,5670.0,1106.46,23271.0
2020-04-27,0.0,0.0,0.0,0.0,0.0,0.0,0.0,0.0,0.0,0.0,0.0,0.0,0.0,0.0,0.0,0.0,0.0,0.0,0.0,0.0,0.0,0.0,0.0,0.0,0.0,0.0,0.0,0.0,0.0,0.0,0.0,0.0,0.0,0.0,0.0,0.0,0.0,0.0,0.0,0.0,0.0,0.0,0.0,0.0,0.0,0.0,0.0,0.0,0.0,0.0,0.0,0.0,0.0,0.0,0.0,0.0,0.0,0.0,0.0,0.0,0.0,0.0,0.0,0.0,0.0,96.0,0.0,15.0,18.0,47663.23,0.0,5217.0,994.29,31724.0
2020-05-04,0.0,0.0,0.0,0.0,0.0,0.0,0.0,0.0,0.0,0.0,0.0,0.0,0.0,0.0,0.0,0.0,0.0,0.0,0.0,0.0,0.0,0.0,0.0,0.0,0.0,0.0,0.0,0.0,0.0,0.0,0.0,0.0,0.0,0.0,0.0,0.0,0.0,0.0,0.0,0.0,0.0,0.0,0.0,0.0,0.0,0.0,0.0,0.0,0.0,0.0,0.0,0.0,0.0,0.0,0.0,0.0,0.0,0.0,0.0,0.0,0.0,0.0,0.0,0.0,0.0,0.0,0.0,20.0,20.0,47505.01,25.3,10784.0,861.95,35365.0
2020-05-11,0.0,0.0,0.0,0.0,0.0,0.0,0.0,0.0,0.0,0.0,0.0,0.0,0.0,0.0,0.0,0.0,0.0,0.0,0.0,0.0,0.0,0.0,0.0,0.0,0.0,0.0,0.0,0.0,0.0,0.0,0.0,0.0,0.0,0.0,0.0,0.0,0.0,0.0,0.0,0.0,0.0,0.0,0.0,0.0,0.0,0.0,0.0,0.0,0.0,0.0,0.0,0.0,0.0,0.0,0.0,0.0,0.0,0.0,0.0,0.0,0.0,0.0,0.0,0.0,0.0,24.0,33600.0,16.0,17.0,47580.18,0.12,6301.0,882.2,36345.0
2020-05-18,356.0,139.0,188.0,126.0,91.0,101.0,189.0,75.0,98.0,95.0,91.0,69.0,90.0,56.0,63.0,96.0,55.0,65.0,24.0,41.0,41.0,42.0,18.0,38.0,38.0,35.0,30.0,45.0,23.0,25.0,35.0,2.0,34.0,31.0,27.0,10.0,5.0,21.0,0.0,5.0,0.0,0.0,7.0,14.0,24.0,26.0,9.0,0.0,0.0,15.0,11.0,6.0,3.0,5.0,43.0,5.0,20.0,13.0,8.0,3.0,0.0,2.0,0.0,0.0,45.0,48.0,117600.0,19.0,17.0,47559.05,4.52,8856.0,1131.92,43614.0
2020-05-25,1167.0,507.0,484.0,475.0,206.0,340.0,313.0,138.0,184.0,271.0,296.0,97.0,201.0,144.0,128.0,221.0,103.0,166.0,103.0,86.0,98.0,89.0,76.0,77.0,78.0,83.0,43.0,79.0,26.0,53.0,77.0,9.0,103.0,52.0,33.0,40.0,29.0,27.0,0.0,0.0,0.0,33.0,30.0,30.0,26.0,60.0,21.0,0.0,0.0,37.0,16.0,11.0,20.0,13.0,68.0,9.0,12.0,5.0,2.0,6.0,0.0,0.0,0.0,0.0,63.0,432.0,348000.0,22.0,22.0,48218.37,7.58,11758.0,956.24,37133.0
2020-06-01,1210.0,634.0,619.0,509.0,205.0,421.0,326.0,227.0,143.0,261.0,213.0,156.0,199.0,149.0,147.0,181.0,98.0,161.0,127.0,78.0,145.0,127.0,78.0,84.0,93.0,85.0,74.0,57.0,51.0,51.0,75.0,32.0,74.0,17.0,26.0,8.0,38.0,24.0,0.0,0.0,0.0,43.0,24.0,18.0,19.0,58.0,15.0,0.0,0.0,28.0,0.0,15.0,15.0,13.0,62.0,8.0,0.0,0.0,15.0,7.0,0.0,0.0,0.0,0.0,63.0,216.0,451200.0,22.0,24.0,48131.24,0.0,7809.0,851.63,19987.0
2020-06-08,1724.0,816.0,969.0,689.0,487.0,600.0,427.0,345.0,259.0,338.0,335.0,255.0,283.0,259.0,113.0,288.0,172.0,215.0,255.0,138.0,145.0,219.0,116.0,105.0,113.0,78.0,182.0,112.0,96.0,61.0,109.0,29.0,120.0,30.0,58.0,30.0,44.0,46.0,0.0,0.0,0.0,26.0,41.0,34.0,42.0,62.0,31.0,0.0,0.0,41.0,0.0,18.0,19.0,18.0,118.0,15.0,0.0,18.0,24.0,15.0,0.0,0.0,1.0,0.0,63.0,384.0,420000.0,22.0,22.0,48193.28,20.56,12488.0,963.7,29851.0
2020-06-15,1288.0,744.0,855.0,593.0,306.0,436.0,412.0,235.0,211.0,277.0,283.0,160.0,214.0,201.0,96.0,283.0,112.0,175.0,276.0,172.0,150.0,203.0,142.0,112.0,150.0,85.0,118.0,82.0,59.0,75.0,86.0,18.0,96.0,35.0,40.0,30.0,56.0,44.0,0.0,0.0,0.0,18.0,32.0,27.0,40.0,69.0,29.0,0.0,0.0,19.0,16.0,16.0,18.0,14.0,73.0,7.0,0.0,17.0,4.0,13.0,0.0,0.0,0.0,0.0,63.0,240.0,439200.0,26.0,24.0,48573.62,29.03,12485.0,864.82,18355.0
2020-06-22,1013.0,709.0,628.0,492.0,273.0,228.0,375.0,218.0,183.0,280.0,258.0,162.0,240.0,199.0,65.0,198.0,65.0,142.0,188.0,156.0,123.0,117.0,115.0,76.0,85.0,91.0,51.0,89.0,35.0,62.0,78.0,68.0,121.0,42.0,31.0,45.0,24.0,24.0,7.0,0.0,11.0,33.0,29.0,24.0,21.0,34.0,18.0,0.0,0.0,15.0,5.0,7.0,15.0,9.0,53.0,6.0,0.0,32.0,0.0,15.0,0.0,0.0,0.0,0.0,63.0,24.0,403200.0,24.0,23.0,48820.03,15.35,10764.0,608.36,40473.0
2020-06-29,967.0,569.0,581.0,332.0,212.0,225.0,298.0,185.0,186.0,221.0,210.0,141.0,140.0,195.0,86.0,179.0,50.0,127.0,171.0,152.0,131.0,106.0,107.0,80.0,84.0,88.0,85.0,66.0,0.0,39.0,50.0,44.0,105.0,10.0,12.0,47.0,35.0,23.0,18.0,0.0,11.0,16.0,31.0,23.0,17.0,38.0,13.0,0.0,0.0,13.0,6.0,16.0,12.0,11.0,58.0,6.0,0.0,47.0,0.0,14.0,0.0,1.0,0.0,0.0,54.0,576.0,412800.0,24.0,23.0,49109.62,9.5,7064.0,839.04,25888.0
2020-07-06,2017.0,989.0,1377.0,678.0,501.0,559.0,631.0,458.0,343.0,321.0,288.0,213.0,205.0,305.0,165.0,319.0,132.0,222.0,208.0,280.0,178.0,153.0,184.0,160.0,154.0,112.0,67.0,97.0,76.0,101.0,81.0,39.0,99.0,43.0,84.0,40.0,30.0,46.0,55.0,16.0,43.0,36.0,44.0,36.0,41.0,161.0,31.0,0.0,1.0,34.0,0.0,34.0,27.0,22.0,92.0,19.0,0.0,35.0,23.0,12.0,0.0,0.0,0.0,0.0,63.0,1080.0,462000.0,32.0,26.0,48568.91,41.24,12757.0,1305.48,41127.0
2020-07-13,2319.0,1055.0,1350.0,815.0,669.0,712.0,431.0,432.0,200.0,444.0,304.0,250.0,298.0,326.0,161.0,330.0,207.0,278.0,252.0,310.0,293.0,259.0,245.0,180.0,242.0,171.0,126.0,104.0,75.0,147.0,81.0,69.0,86.0,44.0,70.0,12.0,56.0,49.0,48.0,0.0,69.0,18.0,47.0,34.0,41.0,136.0,17.0,0.0,0.0,19.0,0.0,36.0,20.0,25.0,124.0,18.0,0.0,0.0,17.0,11.0,0.0,4.0,0.0,0.0,63.0,1512.0,526800.0,30.0,27.0,48165.1,28.62,10365.0,860.98,38449.0
2020-07-20,2335.0,1080.0,1756.0,822.0,688.0,819.0,552.0,379.0,284.0,389.0,422.0,220.0,232.0,395.0,197.0,287.0,263.0,215.0,284.0,284.0,265.0,254.0,278.0,220.0,237.0,193.0,88.0,133.0,86.0,186.0,64.0,67.0,103.0,68.0,82.0,44.0,34.0,60.0,41.0,0.0,52.0,17.0,40.0,28.0,34.0,128.0,22.0,0.0,0.0,28.0,0.0,19.0,30.0,21.0,98.0,19.0,0.0,15.0,36.0,13.0,0.0,13.0,0.0,3.0,63.0,1920.0,597600.0,29.0,28.0,48691.270000000004,11.46,10447.0,551.04,36196.0
2020-07-27,2578.0,1398.0,1941.0,841.0,759.0,902.0,422.0,383.0,303.0,471.0,494.0,256.0,340.0,349.0,209.0,375.0,251.0,244.0,326.0,360.0,314.0,373.0,317.0,232.0,331.0,213.0,161.0,126.0,79.0,205.0,72.0,39.0,71.0,36.0,61.0,36.0,42.0,49.0,47.0,0.0,48.0,6.0,37.0,35.0,45.0,125.0,21.0,0.0,4.0,28.0,28.0,22.0,21.0,19.0,90.0,15.0,0.0,48.0,5.0,22.0,0.0,13.0,0.0,0.0,63.0,2376.0,628800.0,29.0,32.0,48695.92,20.05,11197.0,888.13,41573.0
2020-08-03,2297.0,1211.0,1650.0,1109.0,796.0,735.0,548.0,373.0,319.0,428.0,398.0,237.0,420.0,378.0,240.0,409.0,326.0,245.0,325.0,352.0,333.0,349.0,295.0,193.0,259.0,174.0,167.0,135.0,94.0,216.0,63.0,109.0,48.0,58.0,67.0,53.0,48.0,35.0,57.0,0.0,59.0,3.0,36.0,31.0,40.0,153.0,26.0,1.0,1.0,27.0,36.0,24.0,19.0,23.0,79.0,13.0,0.0,0.0,5.0,26.0,0.0,8.0,0.0,0.0,63.0,2592.0,633600.0,30.0,26.0,48812.88,3.4,10156.0,982.78,39123.0
2020-08-10,2700.0,1078.0,1498.0,992.0,740.0,598.0,372.0,397.0,161.0,371.0,321.0,203.0,375.0,415.0,190.0,313.0,229.0,187.0,310.0,282.0,273.0,329.0,304.0,213.0,222.0,171.0,125.0,77.0,75.0,258.0,50.0,128.0,0.0,6.0,46.0,42.0,32.0,45.0,50.0,0.0,47.0,34.0,36.0,33.0,41.0,76.0,20.0,0.0,0.0,25.0,25.0,23.0,21.0,13.0,1.0,16.0,0.0,11.0,0.0,12.0,0.0,8.0,0.0,0.0,63.0,2232.0,590400.0,27.0,28.0,49390.99,0.12,5788.0,700.48,21077.0
2020-08-17,2324.0,1032.0,1254.0,733.0,781.0,658.0,495.0,445.0,253.0,455.0,457.0,274.0,392.0,433.0,233.0,349.0,226.0,194.0,322.0,260.0,334.0,393.0,310.0,249.0,290.0,180.0,151.0,96.0,101.0,298.0,55.0,79.0,1.0,41.0,35.0,57.0,49.0,54.0,50.0,0.0,54.0,43.0,54.0,42.0,33.0,88.0,23.0,0.0,1.0,29.0,27.0,33.0,23.0,24.0,1.0,16.0,17.0,3.0,0.0,20.0,0.0,14.0,0.0,0.0,63.0,1488.0,598800.0,28.0,26.0,49780.16,5.36,8656.0,852.08,15555.0
2020-08-24,1576.0,852.0,1242.0,602.0,658.0,552.0,530.0,410.0,267.0,351.0,365.0,225.0,298.0,384.0,166.0,228.0,200.0,180.0,291.0,188.0,261.0,323.0,259.0,226.0,118.0,126.0,177.0,89.0,84.0,167.0,58.0,154.0,0.0,66.0,55.0,59.0,28.0,47.0,39.0,0.0,64.0,19.0,24.0,35.0,44.0,88.0,35.0,0.0,0.0,21.0,59.0,33.0,19.0,26.0,0.0,13.0,0.0,0.0,15.0,12.0,0.0,8.0,0.0,0.0,63.0,1176.0,612000.0,27.0,26.0,49178.65,32.230000000000004,12006.0,1008.16,36353.0
2020-08-31,1328.0,829.0,1038.0,573.0,457.0,523.0,541.0,350.0,317.0,350.0,309.0,236.0,244.0,385.0,181.0,236.0,209.0,182.0,261.0,182.0,259.0,297.0,213.0,223.0,101.0,139.0,197.0,85.0,84.0,170.0,64.0,171.0,0.0,62.0,62.0,83.0,21.0,47.0,37.0,0.0,53.0,38.0,38.0,35.0,33.0,58.0,33.0,0.0,0.0,24.0,54.0,36.0,22.0,19.0,0.0,18.0,0.0,0.0,20.0,15.0,0.0,6.0,0.0,0.0,63.0,696.0,572400.0,29.0,25.0,48503.67,47.38,11021.0,1131.3700000000001,35289.0
2020-09-07,1263.0,630.0,898.0,537.0,376.0,416.0,613.0,299.0,363.0,268.0,297.0,193.0,223.0,301.0,141.0,247.0,188.0,176.0,209.0,152.0,250.0,217.0,209.0,213.0,200.0,104.0,159.0,71.0,87.0,186.0,64.0,129.0,0.0,40.0,49.0,92.0,54.0,39.0,52.0,10.0,48.0,36.0,39.0,38.0,32.0,109.0,34.0,0.0,0.0,25.0,20.0,17.0,18.0,18.0,0.0,16.0,0.0,18.0,6.0,5.0,0.0,11.0,0.0,0.0,63.0,336.0,516000.0,21.0,26.0,48331.68,24.57,9553.0,935.76,33315.0
2020-09-14,1121.0,566.0,639.0,428.0,272.0,310.0,553.0,263.0,321.0,283.0,310.0,223.0,205.0,226.0,107.0,210.0,167.0,166.0,202.0,109.0,172.0,182.0,148.0,163.0,136.0,76.0,175.0,68.0,68.0,163.0,55.0,179.0,0.0,42.0,40.0,90.0,39.0,32.0,53.0,15.0,38.0,18.0,27.0,34.0,33.0,61.0,33.0,0.0,0.0,29.0,6.0,17.0,14.0,14.0,0.0,6.0,0.0,0.0,0.0,6.0,0.0,11.0,0.0,0.0,63.0,120.0,446400.0,22.0,21.0,48557.03,3.61,11096.0,1087.32,39420.0
2020-09-21,1175.0,660.0,631.0,435.0,228.0,308.0,548.0,276.0,318.0,302.0,278.0,200.0,200.0,214.0,175.0,188.0,145.0,169.0,193.0,92.0,136.0,191.0,129.0,140.0,132.0,90.0,208.0,74.0,63.0,146.0,54.0,167.0,0.0,19.0,26.0,86.0,29.0,46.0,67.0,0.0,46.0,16.0,34.0,38.0,31.0,56.0,46.0,0.0,0.0,14.0,20.0,22.0,18.0,12.0,0.0,4.0,17.0,0.0,0.0,8.0,1.0,8.0,0.0,0.0,63.0,0.0,360000.0,17.0,19.0,48406.21,0.0,5446.0,859.8,20167.0
2020-09-28,1037.0,487.0,616.0,408.0,187.0,285.0,569.0,235.0,354.0,279.0,265.0,196.0,226.0,190.0,134.0,151.0,101.0,175.0,202.0,84.0,110.0,158.0,100.0,101.0,106.0,74.0,140.0,73.0,68.0,112.0,56.0,151.0,0.0,4.0,13.0,50.0,45.0,37.0,54.0,0.0,9.0,22.0,38.0,31.0,38.0,37.0,26.0,0.0,0.0,29.0,0.0,22.0,13.0,15.0,0.0,8.0,21.0,11.0,7.0,1.0,0.0,13.0,0.0,0.0,63.0,0.0,364800.0,19.0,19.0,48228.69,16.25,11314.0,828.01,30384.0
2020-10-05,825.0,449.0,358.0,285.0,137.0,184.0,364.0,184.0,234.0,252.0,155.0,122.0,162.0,115.0,116.0,75.0,61.0,127.0,120.0,71.0,79.0,110.0,61.0,62.0,72.0,67.0,105.0,45.0,31.0,60.0,51.0,121.0,12.0,19.0,43.0,66.0,32.0,20.0,38.0,0.0,4.0,32.0,28.0,20.0,23.0,34.0,19.0,0.0,3.0,21.0,0.0,13.0,14.0,10.0,0.0,7.0,0.0,0.0,31.0,0.0,0.0,6.0,0.0,0.0,54.0,96.0,367200.0,18.0,17.0,48068.63,8.62,13342.0,1223.4,25690.0
2020-10-12,950.0,452.0,542.0,384.0,197.0,285.0,395.0,209.0,243.0,240.0,213.0,132.0,173.0,162.0,99.0,96.0,75.0,135.0,119.0,68.0,84.0,116.0,77.0,76.0,77.0,64.0,119.0,58.0,54.0,69.0,42.0,45.0,0.0,44.0,45.0,20.0,30.0,22.0,30.0,15.0,22.0,0.0,30.0,13.0,28.0,73.0,17.0,0.0,0.0,16.0,29.0,11.0,11.0,9.0,0.0,8.0,17.0,0.0,0.0,5.0,0.0,10.0,0.0,0.0,45.0,792.0,429600.0,24.0,22.0,47683.409999999996,56.82,11989.0,1262.92,42612.0
2020-10-19,1718.0,854.0,1064.0,534.0,493.0,548.0,626.0,293.0,409.0,338.0,385.0,242.0,281.0,242.0,184.0,194.0,195.0,157.0,221.0,130.0,158.0,223.0,165.0,145.0,173.0,113.0,168.0,80.0,107.0,128.0,40.0,108.0,0.0,37.0,60.0,36.0,9.0,33.0,38.0,7.0,6.0,24.0,33.0,33.0,30.0,204.0,3.0,0.0,3.0,20.0,0.0,6.0,17.0,16.0,0.0,6.0,0.0,0.0,48.0,5.0,0.0,7.0,0.0,0.0,45.0,1632.0,470400.0,27.0,24.0,47370.810000000005,2.09,13233.0,1001.26,22714.0
2020-10-26,2055.0,879.0,1208.0,692.0,496.0,565.0,547.0,322.0,311.0,284.0,277.0,270.0,292.0,269.0,181.0,144.0,209.0,160.0,192.0,103.0,177.0,224.0,182.0,181.0,165.0,144.0,147.0,88.0,111.0,77.0,50.0,89.0,10.0,24.0,54.0,19.0,20.0,31.0,50.0,0.0,0.0,1.0,31.0,34.0,25.0,185.0,17.0,0.0,1.0,14.0,0.0,17.0,19.0,13.0,0.0,10.0,18.0,17.0,22.0,2.0,0.0,11.0,0.0,0.0,54.0,1248.0,429600.0,24.0,25.0,47895.09,20.45,12789.0,1356.88,34120.0
2020-11-02,0.0,0.0,0.0,0.0,0.0,0.0,0.0,0.0,0.0,0.0,0.0,0.0,0.0,0.0,0.0,0.0,0.0,0.0,0.0,0.0,0.0,0.0,0.0,0.0,0.0,0.0,0.0,0.0,0.0,0.0,0.0,0.0,0.0,0.0,0.0,0.0,0.0,0.0,0.0,0.0,0.0,0.0,0.0,0.0,0.0,0.0,0.0,0.0,0.0,0.0,0.0,0.0,0.0,0.0,0.0,0.0,0.0,0.0,0.0,0.0,0.0,0.0,0.0,0.0,0.0,432.0,144000.0,16.0,16.0,47957.07,33.62,14031.0,1505.53,36658.0
2020-11-09,0.0,0.0,0.0,0.0,0.0,0.0,0.0,0.0,0.0,0.0,0.0,0.0,0.0,0.0,0.0,0.0,0.0,0.0,0.0,0.0,0.0,0.0,0.0,0.0,0.0,0.0,0.0,0.0,0.0,0.0,0.0,0.0,0.0,0.0,0.0,0.0,0.0,0.0,0.0,0.0,0.0,0.0,0.0,0.0,0.0,0.0,0.0,0.0,0.0,0.0,0.0,0.0,0.0,0.0,0.0,0.0,0.0,0.0,0.0,0.0,0.0,0.0,0.0,0.0,0.0,96.0,0.0,16.0,16.0,47271.53,2.39,6876.0,1008.68,32484.0
2020-11-16,0.0,0.0,0.0,0.0,0.0,0.0,0.0,0.0,0.0,0.0,0.0,0.0,0.0,0.0,0.0,0.0,0.0,0.0,0.0,0.0,0.0,0.0,0.0,0.0,0.0,0.0,0.0,0.0,0.0,0.0,0.0,0.0,0.0,0.0,0.0,0.0,0.0,0.0,0.0,0.0,0.0,0.0,0.0,0.0,0.0,0.0,0.0,0.0,0.0,0.0,0.0,0.0,0.0,0.0,0.0,0.0,0.0,0.0,0.0,0.0,0.0,0.0,0.0,0.0,0.0,0.0,0.0,15.0,15.0,47431.54,25.7,13989.0,1099.22,31025.0
2020-11-23,0.0,0.0,0.0,0.0,0.0,0.0,0.0,0.0,0.0,0.0,0.0,0.0,0.0,0.0,0.0,0.0,0.0,0.0,0.0,0.0,0.0,0.0,0.0,0.0,0.0,0.0,0.0,0.0,0.0,0.0,0.0,0.0,0.0,0.0,0.0,0.0,0.0,0.0,0.0,0.0,0.0,0.0,0.0,0.0,0.0,0.0,0.0,0.0,0.0,0.0,0.0,0.0,0.0,0.0,0.0,0.0,0.0,0.0,0.0,0.0,0.0,0.0,0.0,0.0,0.0,24.0,0.0,14.0,14.0,47288.67,11.75,12029.0,1533.89,41489.0
2020-11-30,0.0,0.0,0.0,0.0,0.0,0.0,0.0,0.0,0.0,0.0,0.0,0.0,0.0,0.0,0.0,0.0,0.0,0.0,0.0,0.0,0.0,0.0,0.0,0.0,0.0,0.0,0.0,0.0,0.0,0.0,0.0,0.0,0.0,0.0,0.0,0.0,0.0,0.0,0.0,0.0,0.0,0.0,0.0,0.0,0.0,0.0,0.0,0.0,0.0,0.0,0.0,0.0,0.0,0.0,0.0,0.0,0.0,0.0,0.0,0.0,0.0,0.0,0.0,0.0,0.0,0.0,0.0,17.0,16.0,46658.1,2.35,15022.0,933.04,30254.0
2020-12-07,0.0,0.0,0.0,0.0,0.0,0.0,0.0,0.0,0.0,0.0,0.0,0.0,0.0,0.0,0.0,0.0,0.0,0.0,0.0,0.0,0.0,0.0,0.0,0.0,0.0,0.0,0.0,0.0,0.0,0.0,0.0,0.0,0.0,0.0,0.0,0.0,0.0,0.0,0.0,0.0,0.0,0.0,0.0,0.0,0.0,0.0,0.0,0.0,0.0,0.0,0.0,0.0,0.0,0.0,0.0,0.0,0.0,0.0,0.0,0.0,0.0,0.0,0.0,0.0,0.0,0.0,0.0,18.0,18.0,46575.21,20.84,15813.0,1069.17,22998.0
2020-12-14,0.0,0.0,0.0,0.0,0.0,0.0,0.0,0.0,0.0,0.0,0.0,0.0,0.0,0.0,0.0,0.0,0.0,0.0,0.0,0.0,0.0,0.0,0.0,0.0,0.0,0.0,0.0,0.0,0.0,0.0,0.0,0.0,0.0,0.0,0.0,0.0,0.0,0.0,0.0,0.0,0.0,0.0,0.0,0.0,0.0,0.0,0.0,0.0,0.0,0.0,0.0,0.0,0.0,0.0,0.0,0.0,0.0,0.0,0.0,0.0,0.0,0.0,0.0,0.0,0.0,0.0,0.0,18.0,17.0,46537.479999999996,5.13,16063.0,972.11,24788.0
2020-12-21,0.0,0.0,0.0,0.0,0.0,0.0,0.0,0.0,0.0,0.0,0.0,0.0,0.0,0.0,0.0,0.0,0.0,0.0,0.0,0.0,0.0,0.0,0.0,0.0,0.0,0.0,0.0,0.0,0.0,0.0,0.0,0.0,0.0,0.0,0.0,0.0,0.0,0.0,0.0,0.0,0.0,0.0,0.0,0.0,0.0,0.0,0.0,0.0,0.0,0.0,0.0,0.0,0.0,0.0,0.0,0.0,0.0,0.0,0.0,0.0,0.0,0.0,0.0,0.0,0.0,384.0,0.0,17.0,19.0,47173.479999999996,18.53,13347.0,1149.15,32262.0
2020-12-28,0.0,0.0,0.0,0.0,0.0,0.0,0.0,0.0,0.0,0.0,0.0,0.0,0.0,0.0,0.0,0.0,0.0,0.0,0.0,0.0,0.0,0.0,0.0,0.0,0.0,0.0,0.0,0.0,0.0,0.0,0.0,0.0,0.0,0.0,0.0,0.0,0.0,0.0,0.0,0.0,0.0,0.0,0.0,0.0,0.0,0.0,0.0,0.0,0.0,0.0,0.0,0.0,0.0,0.0,0.0,0.0,0.0,0.0,0.0,0.0,0.0,0.0,0.0,0.0,0.0,2592.0,0.0,16.0,15.0,46625.67,39.98,14521.0,1198.48,30955.0
2021-01-04,0.0,0.0,0.0,0.0,0.0,0.0,0.0,0.0,0.0,0.0,0.0,0.0,0.0,0.0,0.0,0.0,0.0,0.0,0.0,0.0,0.0,0.0,0.0,0.0,0.0,0.0,0.0,0.0,0.0,0.0,0.0,0.0,0.0,0.0,0.0,0.0,0.0,0.0,0.0,0.0,0.0,0.0,0.0,0.0,0.0,0.0,0.0,0.0,0.0,0.0,0.0,0.0,0.0,0.0,0.0,0.0,0.0,0.0,0.0,0.0,0.0,0.0,0.0,0.0,0.0,2256.0,0.0,17.0,17.0,46394.35,17.34,13811.0,1073.52,28907.0
2021-01-11,0.0,0.0,0.0,0.0,0.0,0.0,0.0,0.0,0.0,0.0,0.0,0.0,0.0,0.0,0.0,0.0,0.0,0.0,0.0,0.0,0.0,0.0,0.0,0.0,0.0,0.0,0.0,0.0,0.0,0.0,0.0,0.0,0.0,0.0,0.0,0.0,0.0,0.0,0.0,0.0,0.0,0.0,0.0,0.0,0.0,0.0,0.0,0.0,0.0,0.0,0.0,0.0,0.0,0.0,0.0,0.0,0.0,0.0,0.0,0.0,0.0,0.0,0.0,0.0,0.0,792.0,0.0,19.0,18.0,46193.63,12.99,15299.0,1058.62,20857.0
2021-01-18,0.0,0.0,0.0,0.0,0.0,0.0,0.0,0.0,0.0,0.0,0.0,0.0,0.0,0.0,0.0,0.0,0.0,0.0,0.0,0.0,0.0,0.0,0.0,0.0,0.0,0.0,0.0,0.0,0.0,0.0,0.0,0.0,0.0,0.0,0.0,0.0,0.0,0.0,0.0,0.0,0.0,0.0,0.0,0.0,0.0,0.0,0.0,0.0,0.0,0.0,0.0,0.0,0.0,0.0,0.0,0.0,0.0,0.0,0.0,0.0,0.0,0.0,0.0,0.0,0.0,0.0,0.0,16.0,16.0,46187.89,17.0,12716.0,1188.54,32265.0
2021-01-25,0.0,0.0,0.0,0.0,0.0,0.0,0.0,0.0,0.0,0.0,0.0,0.0,0.0,0.0,0.0,0.0,0.0,0.0,0.0,0.0,0.0,0.0,0.0,0.0,0.0,0.0,0.0,0.0,0.0,0.0,0.0,0.0,0.0,0.0,0.0,0.0,0.0,0.0,0.0,0.0,0.0,0.0,0.0,0.0,0.0,0.0,0.0,0.0,0.0,0.0,0.0,0.0,0.0,0.0,0.0,0.0,0.0,0.0,0.0,0.0,0.0,0.0,0.0,0.0,0.0,24.0,0.0,11.0,11.0,46603.44,27.09,13759.0,1302.49,38286.0
2021-02-01,0.0,0.0,0.0,0.0,0.0,0.0,0.0,0.0,0.0,0.0,0.0,0.0,0.0,0.0,0.0,0.0,0.0,0.0,0.0,0.0,0.0,0.0,0.0,0.0,0.0,0.0,0.0,0.0,0.0,0.0,0.0,0.0,0.0,0.0,0.0,0.0,0.0,0.0,0.0,0.0,0.0,0.0,0.0,0.0,0.0,0.0,0.0,0.0,0.0,0.0,0.0,0.0,0.0,0.0,0.0,0.0,0.0,0.0,0.0,0.0,0.0,0.0,0.0,0.0,0.0,264.0,0.0,14.0,14.0,45743.2,0.0,13106.0,946.18,25440.0
2021-02-08,0.0,0.0,0.0,0.0,0.0,0.0,0.0,0.0,0.0,0.0,0.0,0.0,0.0,0.0,0.0,0.0,0.0,0.0,0.0,0.0,0.0,0.0,0.0,0.0,0.0,0.0,0.0,0.0,0.0,0.0,0.0,0.0,0.0,0.0,0.0,0.0,0.0,0.0,0.0,0.0,0.0,0.0,0.0,0.0,0.0,0.0,0.0,0.0,0.0,0.0,0.0,0.0,0.0,0.0,0.0,0.0,0.0,0.0,0.0,0.0,0.0,0.0,0.0,0.0,0.0,528.0,0.0,11.0,12.0,45778.89,1.24,15961.0,1650.8,16789.0
2021-02-15,0.0,0.0,0.0,0.0,0.0,0.0,0.0,0.0,0.0,0.0,0.0,0.0,0.0,0.0,0.0,0.0,0.0,0.0,0.0,0.0,0.0,0.0,0.0,0.0,0.0,0.0,0.0,0.0,0.0,0.0,0.0,0.0,0.0,0.0,0.0,0.0,0.0,0.0,0.0,0.0,0.0,0.0,0.0,0.0,0.0,0.0,0.0,0.0,0.0,0.0,0.0,0.0,0.0,0.0,0.0,0.0,0.0,0.0,0.0,0.0,0.0,0.0,0.0,0.0,0.0,312.0,0.0,16.0,17.0,45417.64,0.0,10131.0,1101.8,16898.0
2021-02-22,0.0,0.0,0.0,0.0,0.0,0.0,0.0,0.0,0.0,0.0,0.0,0.0,0.0,0.0,0.0,0.0,0.0,0.0,0.0,0.0,0.0,0.0,0.0,0.0,0.0,0.0,0.0,0.0,0.0,0.0,0.0,0.0,0.0,0.0,0.0,0.0,0.0,0.0,0.0,0.0,0.0,0.0,0.0,0.0,0.0,0.0,0.0,0.0,0.0,0.0,0.0,0.0,0.0,0.0,0.0,0.0,0.0,0.0,0.0,0.0,0.0,0.0,0.0,0.0,0.0,192.0,0.0,12.0,13.0,47186.21,15.42,12827.0,1094.23,32376.0
2021-03-01,0.0,0.0,0.0,0.0,0.0,0.0,0.0,0.0,0.0,0.0,0.0,0.0,0.0,0.0,0.0,0.0,0.0,0.0,0.0,0.0,0.0,0.0,0.0,0.0,0.0,0.0,0.0,0.0,0.0,0.0,0.0,0.0,0.0,0.0,0.0,0.0,0.0,0.0,0.0,0.0,0.0,0.0,0.0,0.0,0.0,0.0,0.0,0.0,0.0,0.0,0.0,0.0,0.0,0.0,0.0,0.0,0.0,0.0,0.0,0.0,0.0,0.0,0.0,0.0,0.0,24.0,0.0,13.0,13.0,47038.27,0.64,11255.0,847.25,40224.0
2021-03-08,0.0,0.0,0.0,0.0,0.0,0.0,0.0,0.0,0.0,0.0,0.0,0.0,0.0,0.0,0.0,0.0,0.0,0.0,0.0,0.0,0.0,0.0,0.0,0.0,0.0,0.0,0.0,0.0,0.0,0.0,0.0,0.0,0.0,0.0,0.0,0.0,0.0,0.0,0.0,0.0,0.0,0.0,0.0,0.0,0.0,0.0,0.0,0.0,0.0,0.0,0.0,0.0,0.0,0.0,0.0,0.0,0.0,0.0,0.0,0.0,0.0,0.0,0.0,0.0,0.0,168.0,0.0,13.0,13.0,46488.44,1.8,8958.0,832.53,35401.0
2021-03-15,0.0,0.0,0.0,0.0,0.0,0.0,0.0,0.0,0.0,0.0,0.0,0.0,0.0,0.0,0.0,0.0,0.0,0.0,0.0,0.0,0.0,0.0,0.0,0.0,0.0,0.0,0.0,0.0,0.0,0.0,0.0,0.0,0.0,0.0,0.0,0.0,0.0,0.0,0.0,0.0,0.0,0.0,0.0,0.0,0.0,0.0,0.0,0.0,0.0,0.0,0.0,0.0,0.0,0.0,0.0,0.0,0.0,0.0,0.0,0.0,0.0,0.0,0.0,0.0,0.0,96.0,0.0,13.0,13.0,46766.05,41.97,13036.0,1513.43,37368.0
2021-03-22,0.0,0.0,0.0,0.0,0.0,0.0,0.0,0.0,0.0,0.0,0.0,0.0,0.0,0.0,0.0,0.0,0.0,0.0,0.0,0.0,0.0,0.0,0.0,0.0,0.0,0.0,0.0,0.0,0.0,0.0,0.0,0.0,0.0,0.0,0.0,0.0,0.0,0.0,0.0,0.0,0.0,0.0,0.0,0.0,0.0,0.0,0.0,0.0,0.0,0.0,0.0,0.0,0.0,0.0,0.0,0.0,0.0,0.0,0.0,0.0,0.0,0.0,0.0,0.0,0.0,0.0,0.0,13.0,13.0,46635.77,0.53,11654.0,1053.26,42353.0
2021-03-29,0.0,0.0,0.0,0.0,0.0,0.0,0.0,0.0,0.0,0.0,0.0,0.0,0.0,0.0,0.0,0.0,0.0,0.0,0.0,0.0,0.0,0.0,0.0,0.0,0.0,0.0,0.0,0.0,0.0,0.0,0.0,0.0,0.0,0.0,0.0,0.0,0.0,0.0,0.0,0.0,0.0,0.0,0.0,0.0,0.0,0.0,0.0,0.0,0.0,0.0,0.0,0.0,0.0,0.0,0.0,0.0,0.0,0.0,0.0,0.0,0.0,0.0,0.0,0.0,0.0,384.0,0.0,21.0,22.0,47005.91,11.370000000000001,10718.0,1134.7,38863.0
2021-04-05,0.0,0.0,0.0,0.0,0.0,0.0,0.0,0.0,0.0,0.0,0.0,0.0,0.0,0.0,0.0,0.0,0.0,0.0,0.0,0.0,0.0,0.0,0.0,0.0,0.0,0.0,0.0,0.0,0.0,0.0,0.0,0.0,0.0,0.0,0.0,0.0,0.0,0.0,0.0,0.0,0.0,0.0,0.0,0.0,0.0,0.0,0.0,0.0,0.0,0.0,0.0,0.0,0.0,0.0,0.0,0.0,0.0,0.0,0.0,0.0,0.0,0.0,0.0,0.0,0.0,2088.0,0.0,20.0,24.0,47105.16,4.47,9243.0,1120.73,44155.0
2021-04-12,0.0,0.0,0.0,0.0,0.0,0.0,0.0,0.0,0.0,0.0,0.0,0.0,0.0,0.0,0.0,0.0,0.0,0.0,0.0,0.0,0.0,0.0,0.0,0.0,0.0,0.0,0.0,0.0,0.0,0.0,0.0,0.0,0.0,0.0,0.0,0.0,0.0,0.0,0.0,0.0,0.0,0.0,0.0,0.0,0.0,0.0,0.0,0.0,0.0,0.0,0.0,0.0,0.0,0.0,0.0,0.0,0.0,0.0,0.0,0.0,0.0,0.0,0.0,0.0,0.0,1488.0,0.0,25.0,23.0,46592.05,19.21,12034.0,1361.08,42752.0
2021-04-19,0.0,0.0,0.0,0.0,0.0,0.0,0.0,0.0,0.0,0.0,0.0,0.0,0.0,0.0,0.0,0.0,0.0,0.0,0.0,0.0,0.0,0.0,0.0,0.0,0.0,0.0,0.0,0.0,0.0,0.0,0.0,0.0,0.0,0.0,0.0,0.0,0.0,0.0,0.0,0.0,0.0,0.0,0.0,0.0,0.0,0.0,0.0,0.0,0.0,0.0,0.0,0.0,0.0,0.0,0.0,0.0,0.0,0.0,0.0,0.0,0.0,0.0,0.0,0.0,0.0,192.0,0.0,17.0,19.0,46951.9,0.64,4847.0,871.8,21719.0
2021-04-26,0.0,0.0,0.0,0.0,0.0,0.0,0.0,0.0,0.0,0.0,0.0,0.0,0.0,0.0,0.0,0.0,0.0,0.0,0.0,0.0,0.0,0.0,0.0,0.0,0.0,0.0,0.0,0.0,0.0,0.0,0.0,0.0,0.0,0.0,0.0,0.0,0.0,0.0,0.0,0.0,0.0,0.0,0.0,0.0,0.0,0.0,0.0,0.0,0.0,0.0,0.0,0.0,0.0,0.0,0.0,0.0,0.0,0.0,0.0,0.0,0.0,0.0,0.0,0.0,0.0,0.0,0.0,19.0,18.0,47046.71,0.0,7778.0,1032.48,40433.0
2021-05-03,0.0,0.0,0.0,0.0,0.0,0.0,0.0,0.0,0.0,0.0,0.0,0.0,0.0,0.0,0.0,0.0,0.0,0.0,0.0,0.0,0.0,0.0,0.0,0.0,0.0,0.0,0.0,0.0,0.0,0.0,0.0,0.0,0.0,0.0,0.0,0.0,0.0,0.0,0.0,0.0,0.0,0.0,0.0,0.0,0.0,0.0,0.0,0.0,0.0,0.0,0.0,0.0,0.0,0.0,0.0,0.0,0.0,0.0,0.0,0.0,0.0,0.0,0.0,0.0,0.0,0.0,0.0,18.0,19.0,47222.11,20.59,11351.0,853.86,25462.0
2021-05-10,0.0,0.0,0.0,0.0,0.0,0.0,0.0,0.0,0.0,0.0,0.0,0.0,0.0,0.0,0.0,0.0,0.0,0.0,0.0,0.0,0.0,0.0,0.0,0.0,0.0,0.0,0.0,0.0,0.0,0.0,0.0,0.0,0.0,0.0,0.0,0.0,0.0,0.0,0.0,0.0,0.0,0.0,0.0,0.0,0.0,0.0,0.0,0.0,0.0,0.0,0.0,0.0,0.0,0.0,0.0,0.0,0.0,0.0,0.0,0.0,0.0,0.0,0.0,0.0,0.0,48.0,19200.0,22.0,21.0,47574.91,47.32,12791.0,1342.29,38058.0
2021-05-17,87.0,110.0,146.0,93.0,31.0,31.0,71.0,23.0,11.0,27.0,51.0,21.0,22.0,23.0,21.0,0.0,18.0,22.0,0.0,0.0,21.0,0.0,21.0,16.0,0.0,16.0,0.0,0.0,10.0,11.0,3.0,0.0,18.0,7.0,10.0,1.0,5.0,0.0,9.0,0.0,0.0,0.0,0.0,2.0,3.0,0.0,4.0,2.0,0.0,3.0,6.0,3.0,0.0,1.0,8.0,2.0,0.0,0.0,6.0,0.0,0.0,0.0,0.0,0.0,16.0,456.0,117600.0,27.0,26.0,47631.18,24.88,13763.0,616.66,36939.0
2021-05-24,818.0,304.0,551.0,484.0,157.0,272.0,369.0,110.0,138.0,115.0,137.0,92.0,110.0,84.0,79.0,49.0,68.0,86.0,65.0,28.0,118.0,59.0,67.0,46.0,0.0,58.0,24.0,26.0,36.0,17.0,15.0,11.0,0.0,56.0,29.0,11.0,10.0,8.0,28.0,0.0,0.0,0.0,4.0,5.0,12.0,0.0,13.0,0.0,0.0,8.0,17.0,13.0,10.0,13.0,5.0,4.0,0.0,18.0,7.0,4.0,0.0,4.0,0.0,0.0,51.0,216.0,364800.0,28.0,26.0,47736.89,31.68,11150.0,978.61,39693.0
2021-05-31,749.0,397.0,581.0,441.0,278.0,287.0,352.0,195.0,122.0,89.0,178.0,129.0,85.0,110.0,111.0,88.0,99.0,100.0,70.0,43.0,118.0,93.0,98.0,80.0,52.0,31.0,69.0,46.0,44.0,29.0,27.0,10.0,0.0,53.0,59.0,19.0,37.0,24.0,37.0,0.0,0.0,17.0,0.0,0.0,21.0,0.0,17.0,0.0,0.0,9.0,20.0,18.0,11.0,9.0,0.0,7.0,14.0,0.0,0.0,3.0,0.0,5.0,0.0,0.0,49.0,648.0,470400.0,22.0,23.0,47684.64,16.68,10904.0,934.73,42435.0
2021-06-07,1347.0,891.0,546.0,668.0,334.0,429.0,430.0,295.0,297.0,190.0,256.0,246.0,196.0,178.0,63.0,152.0,149.0,131.0,205.0,82.0,179.0,195.0,134.0,146.0,170.0,78.0,120.0,73.0,78.0,130.0,39.0,15.0,72.0,53.0,47.0,29.0,39.0,19.0,56.0,8.0,0.0,13.0,13.0,17.0,30.0,19.0,32.0,0.0,4.0,21.0,18.0,20.0,18.0,15.0,31.0,6.0,21.0,26.0,11.0,11.0,0.0,13.0,0.0,0.0,58.0,264.0,448800.0,22.0,22.0,48357.38,23.67,10900.0,762.4,29139.0
2021-06-14,1103.0,770.0,684.0,498.0,329.0,298.0,433.0,245.0,300.0,297.0,231.0,177.0,227.0,175.0,118.0,182.0,102.0,169.0,183.0,104.0,162.0,161.0,140.0,105.0,131.0,90.0,133.0,97.0,34.0,116.0,43.0,13.0,61.0,12.0,17.0,45.0,36.0,32.0,53.0,39.0,0.0,50.0,26.0,13.0,31.0,0.0,6.0,0.0,3.0,14.0,12.0,4.0,15.0,15.0,45.0,11.0,8.0,8.0,3.0,12.0,0.0,4.0,0.0,0.0,59.0,0.0,439200.0,20.0,19.0,48434.29,0.5700000000000001,7136.0,673.64,34425.0
2021-06-21,1070.0,665.0,456.0,397.0,276.0,263.0,428.0,204.0,318.0,260.0,195.0,177.0,177.0,151.0,148.0,180.0,129.0,148.0,170.0,106.0,115.0,167.0,82.0,91.0,97.0,72.0,82.0,50.0,40.0,115.0,34.0,56.0,120.0,0.0,0.0,64.0,31.0,17.0,57.0,36.0,9.0,17.0,23.0,20.0,25.0,0.0,18.0,0.0,0.0,17.0,0.0,13.0,15.0,10.0,54.0,6.0,0.0,9.0,0.0,11.0,0.0,11.0,0.0,0.0,50.0,48.0,403200.0,21.0,22.0,48728.25,24.330000000000002,10834.0,900.34,28654.0
2021-06-28,1167.0,687.0,472.0,392.0,256.0,283.0,337.0,163.0,226.0,323.0,172.0,188.0,188.0,123.0,154.0,192.0,131.0,151.0,188.0,104.0,122.0,158.0,99.0,100.0,102.0,81.0,103.0,54.0,26.0,111.0,38.0,15.0,159.0,0.0,26.0,56.0,29.0,19.0,47.0,9.0,13.0,16.0,27.0,21.0,19.0,0.0,24.0,0.0,0.0,16.0,0.0,2.0,16.0,11.0,52.0,8.0,0.0,0.0,0.0,16.0,0.0,8.0,0.0,0.0,52.0,696.0,412800.0,24.0,23.0,48505.26,4.81,10617.0,656.95,33100.0
2021-07-05,1298.0,693.0,522.0,469.0,308.0,341.0,350.0,263.0,225.0,269.0,210.0,197.0,206.0,143.0,174.0,206.0,140.0,160.0,203.0,134.0,155.0,204.0,150.0,114.0,115.0,94.0,99.0,77.0,37.0,107.0,28.0,9.0,192.0,0.0,1.0,71.0,31.0,25.0,42.0,3.0,11.0,3.0,29.0,20.0,27.0,0.0,13.0,0.0,0.0,14.0,14.0,10.0,16.0,14.0,61.0,11.0,0.0,0.0,0.0,13.0,0.0,10.0,0.0,0.0,57.0,864.0,462000.0,29.0,27.0,48747.26,56.11,12778.0,662.8,32195.0
2021-07-12,1641.0,744.0,683.0,532.0,483.0,418.0,271.0,305.0,167.0,362.0,242.0,232.0,233.0,159.0,150.0,183.0,179.0,159.0,162.0,158.0,128.0,187.0,144.0,96.0,136.0,99.0,88.0,98.0,36.0,137.0,36.0,26.0,140.0,0.0,1.0,65.0,33.0,19.0,33.0,9.0,9.0,27.0,27.0,27.0,19.0,0.0,17.0,0.0,4.0,17.0,21.0,10.0,15.0,16.0,24.0,9.0,0.0,0.0,0.0,15.0,0.0,13.0,0.0,0.0,49.0,1008.0,526800.0,32.0,30.0,48960.24,12.969999999999999,12911.0,748.0,29943.0
2021-07-19,2037.0,1197.0,1163.0,737.0,798.0,653.0,487.0,495.0,263.0,429.0,312.0,276.0,354.0,338.0,244.0,341.0,270.0,153.0,266.0,217.0,206.0,267.0,245.0,188.0,228.0,162.0,111.0,110.0,68.0,226.0,45.0,27.0,186.0,0.0,29.0,95.0,44.0,33.0,46.0,32.0,67.0,23.0,49.0,36.0,21.0,0.0,21.0,0.0,0.0,15.0,19.0,21.0,18.0,16.0,59.0,13.0,2.0,16.0,0.0,25.0,0.0,12.0,0.0,0.0,57.0,1080.0,597600.0,32.0,28.0,49055.96,17.33,9466.0,993.44,40139.0
2021-07-26,2185.0,1151.0,1251.0,939.0,895.0,552.0,481.0,461.0,288.0,348.0,402.0,289.0,284.0,312.0,259.0,308.0,275.0,195.0,305.0,325.0,185.0,412.0,208.0,243.0,221.0,285.0,98.0,104.0,41.0,188.0,49.0,38.0,148.0,46.0,18.0,63.0,48.0,21.0,38.0,41.0,36.0,53.0,34.0,36.0,29.0,0.0,16.0,0.0,0.0,26.0,31.0,17.0,19.0,18.0,43.0,12.0,0.0,18.0,0.0,23.0,0.0,15.0,0.0,0.0,57.0,1920.0,628800.0,32.0,28.0,48976.54,11.4,11398.0,706.02,37489.0
2021-08-02,2592.0,1352.0,1286.0,1164.0,1112.0,719.0,579.0,552.0,253.0,487.0,348.0,291.0,331.0,293.0,263.0,355.0,351.0,212.0,262.0,293.0,256.0,294.0,212.0,213.0,248.0,215.0,109.0,138.0,65.0,205.0,46.0,15.0,196.0,0.0,0.0,42.0,146.0,41.0,49.0,21.0,83.0,14.0,38.0,34.0,45.0,0.0,7.0,0.0,1.0,24.0,1.0,16.0,11.0,15.0,59.0,14.0,0.0,0.0,0.0,26.0,0.0,11.0,0.0,0.0,57.0,2472.0,633600.0,32.0,28.0,48817.88,40.95,10970.0,1234.19,40493.0
2021-08-09,2415.0,1152.0,1162.0,1101.0,1144.0,727.0,531.0,559.0,322.0,404.0,259.0,328.0,284.0,292.0,264.0,273.0,383.0,204.0,303.0,285.0,220.0,320.0,254.0,206.0,264.0,215.0,174.0,154.0,76.0,274.0,44.0,40.0,126.0,0.0,1.0,58.0,59.0,29.0,55.0,27.0,73.0,34.0,37.0,35.0,33.0,0.0,16.0,0.0,2.0,19.0,0.0,17.0,23.0,18.0,32.0,6.0,0.0,0.0,0.0,23.0,0.0,8.0,0.0,0.0,57.0,2112.0,590400.0,33.0,27.0,48745.24,28.21,11068.0,920.95,28170.0
2021-08-16,2160.0,1091.0,1308.0,912.0,1062.0,728.0,621.0,551.0,264.0,430.0,264.0,283.0,348.0,316.0,259.0,305.0,402.0,163.0,301.0,246.0,272.0,299.0,289.0,242.0,220.0,221.0,70.0,119.0,72.0,223.0,42.0,52.0,159.0,0.0,0.0,46.0,81.0,39.0,40.0,32.0,77.0,38.0,45.0,31.0,29.0,0.0,17.0,0.0,4.0,12.0,24.0,18.0,16.0,18.0,22.0,11.0,0.0,0.0,0.0,20.0,0.0,12.0,0.0,0.0,58.0,1848.0,598800.0,30.0,30.0,48851.92,34.71,11296.0,972.41,40232.0
2021-08-23,2052.0,1026.0,968.0,824.0,1049.0,630.0,544.0,497.0,304.0,443.0,304.0,289.0,285.0,301.0,273.0,246.0,437.0,186.0,249.0,211.0,251.0,308.0,240.0,272.0,249.0,178.0,116.0,89.0,85.0,189.0,64.0,20.0,64.0,0.0,45.0,56.0,56.0,35.0,44.0,50.0,77.0,53.0,38.0,36.0,30.0,0.0,15.0,0.0,0.0,11.0,50.0,12.0,18.0,18.0,0.0,10.0,0.0,0.0,0.0,18.0,0.0,17.0,0.0,0.0,59.0,1704.0,612000.0,32.0,28.0,48759.19,50.15,11352.0,1098.3,31825.0
2021-08-30,1819.0,1016.0,1181.0,604.0,908.0,586.0,535.0,476.0,306.0,388.0,285.0,244.0,267.0,332.0,227.0,230.0,371.0,183.0,232.0,198.0,257.0,301.0,240.0,297.0,258.0,215.0,99.0,84.0,80.0,161.0,60.0,26.0,165.0,17.0,22.0,75.0,58.0,31.0,44.0,63.0,54.0,18.0,33.0,39.0,35.0,0.0,20.0,1.0,3.0,23.0,37.0,5.0,20.0,16.0,64.0,13.0,0.0,0.0,0.0,21.0,1.0,1.0,0.0,0.0,57.0,1464.0,572400.0,30.0,27.0,48745.57,14.61,11363.0,1218.73,14023.0
2021-09-06,1275.0,795.0,826.0,552.0,634.0,455.0,521.0,432.0,254.0,370.0,248.0,227.0,223.0,286.0,236.0,245.0,304.0,181.0,203.0,197.0,231.0,291.0,174.0,203.0,214.0,153.0,89.0,81.0,45.0,142.0,50.0,55.0,83.0,29.0,29.0,51.0,73.0,32.0,48.0,32.0,64.0,53.0,40.0,31.0,29.0,0.0,21.0,0.0,0.0,21.0,13.0,13.0,16.0,15.0,45.0,12.0,0.0,0.0,0.0,10.0,0.0,0.0,0.0,0.0,56.0,696.0,516000.0,27.0,26.0,48618.94,0.0,10041.0,617.93,38806.0
2021-09-13,1382.0,695.0,644.0,456.0,490.0,393.0,449.0,370.0,295.0,385.0,247.0,188.0,213.0,291.0,215.0,202.0,231.0,145.0,199.0,167.0,141.0,170.0,129.0,159.0,148.0,143.0,77.0,77.0,62.0,112.0,57.0,122.0,34.0,29.0,24.0,62.0,39.0,20.0,43.0,26.0,78.0,33.0,37.0,28.0,34.0,0.0,21.0,0.0,0.0,19.0,35.0,17.0,13.0,18.0,0.0,9.0,0.0,0.0,6.0,9.0,0.0,0.0,1.0,0.0,57.0,288.0,446400.0,22.0,23.0,48910.57,8.26,9805.0,707.92,34032.0
2021-09-20,1146.0,603.0,683.0,384.0,298.0,355.0,623.0,260.0,383.0,320.0,242.0,224.0,207.0,166.0,196.0,165.0,146.0,176.0,103.0,195.0,100.0,118.0,86.0,118.0,118.0,119.0,118.0,86.0,37.0,99.0,46.0,94.0,2.0,47.0,58.0,55.0,43.0,47.0,64.0,32.0,71.0,10.0,33.0,33.0,22.0,0.0,16.0,0.0,0.0,19.0,38.0,13.0,10.0,15.0,0.0,10.0,29.0,0.0,18.0,1.0,0.0,0.0,0.0,0.0,57.0,0.0,360000.0,19.0,19.0,48601.97,6.63,11308.0,886.17,32347.0
2021-09-27,1137.0,693.0,677.0,263.0,182.0,320.0,532.0,244.0,324.0,376.0,242.0,196.0,241.0,171.0,178.0,160.0,128.0,162.0,134.0,188.0,106.0,122.0,111.0,104.0,101.0,106.0,116.0,63.0,20.0,107.0,39.0,102.0,36.0,105.0,56.0,63.0,30.0,30.0,46.0,15.0,69.0,14.0,34.0,20.0,31.0,0.0,22.0,0.0,1.0,20.0,40.0,6.0,15.0,8.0,0.0,4.0,33.0,19.0,5.0,3.0,0.0,0.0,0.0,0.0,56.0,0.0,364800.0,18.0,17.0,48722.89,9.42,12571.0,1101.44,38844.0
2021-10-04,912.0,496.0,404.0,140.0,135.0,233.0,462.0,218.0,267.0,246.0,194.0,168.0,175.0,123.0,176.0,129.0,80.0,140.0,103.0,92.0,69.0,79.0,72.0,69.0,64.0,58.0,99.0,45.0,36.0,69.0,28.0,71.0,51.0,78.0,72.0,40.0,49.0,41.0,35.0,30.0,51.0,25.0,19.0,13.0,29.0,0.0,12.0,0.0,0.0,16.0,34.0,8.0,10.0,9.0,0.0,8.0,33.0,0.0,20.0,0.0,0.0,1.0,0.0,0.0,48.0,120.0,367200.0,19.0,18.0,48139.23,69.25,14045.0,1377.14,34282.0
2021-10-11,1325.0,750.0,648.0,265.0,320.0,426.0,548.0,296.0,364.0,350.0,336.0,190.0,234.0,195.0,165.0,245.0,142.0,144.0,135.0,130.0,89.0,128.0,93.0,98.0,100.0,140.0,161.0,90.0,44.0,87.0,41.0,18.0,39.0,76.0,76.0,60.0,27.0,28.0,40.0,50.0,56.0,70.0,18.0,11.0,30.0,0.0,24.0,0.0,0.0,15.0,39.0,9.0,16.0,15.0,0.0,9.0,21.0,17.0,36.0,0.0,0.0,0.0,0.0,0.0,49.0,576.0,429600.0,25.0,25.0,47875.06,4.62,9581.0,904.51,29907.0
2021-10-18,1962.0,1054.0,1023.0,458.0,740.0,648.0,582.0,489.0,338.0,490.0,388.0,203.0,302.0,224.0,241.0,228.0,228.0,158.0,195.0,232.0,171.0,223.0,163.0,156.0,168.0,161.0,153.0,105.0,87.0,117.0,38.0,16.0,55.0,105.0,74.0,20.0,44.0,39.0,57.0,19.0,87.0,17.0,31.0,25.0,29.0,0.0,26.0,0.0,0.0,19.0,63.0,15.0,16.0,12.0,0.0,11.0,17.0,0.0,27.0,2.0,0.0,0.0,0.0,0.0,44.0,1152.0,470400.0,28.0,26.0,47909.52,24.150000000000002,13806.0,1222.47,46010.0
2021-10-25,1705.0,926.0,923.0,323.0,553.0,552.0,362.0,362.0,283.0,399.0,249.0,178.0,248.0,193.0,185.0,238.0,232.0,151.0,182.0,182.0,176.0,201.0,132.0,144.0,154.0,163.0,96.0,93.0,73.0,107.0,35.0,41.0,50.0,67.0,44.0,13.0,59.0,32.0,49.0,60.0,69.0,35.0,24.0,28.0,20.0,0.0,20.0,0.0,0.0,13.0,53.0,17.0,12.0,12.0,0.0,9.0,18.0,0.0,14.0,0.0,0.0,0.0,0.0,0.0,42.0,1296.0,448800.0,23.0,21.0,47636.78,56.31,12331.0,1477.72,39470.0
2021-11-01,1178.0,680.0,765.0,255.0,222.0,367.0,377.0,230.0,262.0,275.0,222.0,152.0,167.0,134.0,133.0,171.0,153.0,139.0,138.0,134.0,180.0,152.0,85.0,86.0,79.0,110.0,96.0,66.0,66.0,98.0,33.0,7.0,71.0,37.0,27.0,32.0,27.0,18.0,31.0,46.0,56.0,15.0,26.0,21.0,13.0,0.0,12.0,0.0,4.0,17.0,51.0,15.0,15.0,5.0,18.0,6.0,0.0,0.0,29.0,0.0,0.0,0.0,0.0,0.0,43.0,744.0,350400.0,21.0,19.0,47866.03,30.32,10909.0,1331.51,33014.0
2021-11-08,667.0,432.0,332.0,153.0,116.0,205.0,243.0,172.0,173.0,152.0,105.0,80.0,113.0,86.0,123.0,126.0,84.0,115.0,95.0,80.0,100.0,96.0,58.0,65.0,60.0,50.0,67.0,42.0,53.0,63.0,22.0,7.0,40.0,45.0,56.0,31.0,34.0,26.0,20.0,36.0,56.0,32.0,17.0,20.0,15.0,0.0,11.0,0.0,0.0,14.0,27.0,7.0,14.0,7.0,0.0,4.0,0.0,0.0,10.0,0.0,0.0,0.0,0.0,0.0,43.0,336.0,204000.0,17.0,17.0,47280.07,17.18,12946.0,1184.03,39779.0
2021-11-15,461.0,259.0,253.0,126.0,60.0,129.0,258.0,160.0,184.0,91.0,91.0,71.0,90.0,37.0,74.0,72.0,66.0,49.0,56.0,27.0,75.0,60.0,28.0,26.0,24.0,66.0,69.0,18.0,27.0,27.0,14.0,0.0,14.0,14.0,25.0,13.0,22.0,23.0,23.0,44.0,35.0,18.0,14.0,18.0,10.0,0.0,9.0,0.0,0.0,12.0,12.0,8.0,5.0,14.0,0.0,4.0,0.0,18.0,9.0,1.0,1.0,0.0,0.0,0.0,45.0,0.0,124800.0,12.0,12.0,47301.06,5.29,15698.0,921.1,28675.0
2021-11-22,388.0,269.0,131.0,125.0,58.0,113.0,185.0,79.0,142.0,59.0,78.0,40.0,89.0,21.0,46.0,80.0,27.0,31.0,38.0,57.0,71.0,26.0,20.0,35.0,29.0,37.0,64.0,38.0,24.0,45.0,16.0,0.0,1.0,31.0,17.0,10.0,20.0,10.0,26.0,27.0,23.0,16.0,18.0,12.0,7.0,0.0,7.0,0.0,0.0,10.0,7.0,7.0,6.0,8.0,0.0,2.0,17.0,0.0,0.0,0.0,0.0,0.0,0.0,0.0,45.0,24.0,93600.0,15.0,15.0,47288.79,8.05,12640.0,1230.0,39276.0
2021-11-29,299.0,183.0,173.0,132.0,46.0,97.0,128.0,87.0,120.0,77.0,86.0,66.0,77.0,32.0,64.0,54.0,29.0,34.0,18.0,41.0,69.0,21.0,21.0,12.0,14.0,43.0,43.0,29.0,21.0,10.0,14.0,0.0,5.0,11.0,15.0,13.0,5.0,10.0,19.0,18.0,16.0,32.0,15.0,11.0,10.0,0.0,11.0,0.0,0.0,10.0,2.0,6.0,3.0,7.0,1.0,2.0,0.0,0.0,8.0,0.0,13.0,0.0,0.0,11.0,48.0,0.0,72000.0,12.0,13.0,46847.72,18.64,14247.0,989.54,37973.0
2021-12-06,339.0,178.0,184.0,110.0,53.0,64.0,100.0,70.0,130.0,74.0,48.0,31.0,57.0,28.0,49.0,69.0,27.0,29.0,24.0,25.0,35.0,12.0,20.0,26.0,19.0,22.0,15.0,18.0,19.0,7.0,12.0,3.0,7.0,21.0,20.0,19.0,13.0,14.0,17.0,18.0,10.0,34.0,13.0,8.0,12.0,0.0,5.0,0.0,0.0,13.0,0.0,3.0,6.0,3.0,0.0,2.0,0.0,0.0,0.0,3.0,20.0,0.0,0.0,22.0,46.0,0.0,54000.0,13.0,12.0,46549.61,25.78,15027.0,1491.55,34504.0
2021-12-13,329.0,189.0,146.0,56.0,27.0,58.0,139.0,66.0,119.0,66.0,48.0,26.0,41.0,23.0,40.0,52.0,30.0,35.0,14.0,21.0,60.0,7.0,5.0,16.0,26.0,26.0,28.0,15.0,11.0,22.0,20.0,1.0,5.0,25.0,25.0,16.0,7.0,7.0,20.0,19.0,18.0,0.0,8.0,12.0,11.0,0.0,6.0,0.0,0.0,8.0,10.0,5.0,8.0,5.0,0.0,3.0,0.0,0.0,4.0,0.0,23.0,0.0,0.0,22.0,46.0,0.0,66000.0,12.0,13.0,46575.3,7.7,14324.0,1142.1,32057.0
2021-12-20,429.0,236.0,217.0,106.0,39.0,76.0,128.0,74.0,114.0,82.0,57.0,34.0,52.0,39.0,52.0,62.0,35.0,44.0,24.0,32.0,57.0,20.0,23.0,28.0,23.0,29.0,37.0,25.0,28.0,30.0,23.0,10.0,15.0,24.0,19.0,7.0,13.0,17.0,20.0,12.0,41.0,35.0,23.0,17.0,20.0,0.0,9.0,0.0,0.0,11.0,3.0,7.0,7.0,9.0,0.0,5.0,0.0,0.0,14.0,7.0,0.0,0.0,0.0,16.0,47.0,0.0,37200.0,15.0,14.0,47151.83,0.51,12863.0,879.0,43275.0
2021-12-27,553.0,302.0,355.0,186.0,103.0,154.0,115.0,92.0,147.0,132.0,71.0,22.0,95.0,77.0,66.0,115.0,50.0,36.0,36.0,45.0,91.0,47.0,40.0,64.0,28.0,52.0,30.0,43.0,41.0,16.0,22.0,0.0,12.0,15.0,15.0,4.0,26.0,15.0,36.0,0.0,14.0,0.0,15.0,16.0,24.0,0.0,4.0,0.0,0.0,15.0,2.0,4.0,8.0,8.0,0.0,11.0,0.0,0.0,11.0,47.0,0.0,0.0,0.0,7.0,35.0,1920.0,84000.0,14.0,14.0,45808.63,13.8,11119.0,1014.71,27253.0
2022-01-03,827.0,534.0,577.0,254.0,169.0,216.0,310.0,151.0,226.0,222.0,140.0,121.0,145.0,83.0,135.0,135.0,74.0,135.0,104.0,97.0,102.0,105.0,53.0,39.0,57.0,115.0,88.0,67.0,171.0,24.0,27.0,0.0,23.0,43.0,59.0,25.0,21.0,32.0,58.0,0.0,31.0,33.0,26.0,21.0,21.0,0.0,9.0,0.0,7.0,20.0,5.0,7.0,11.0,6.0,0.0,4.0,0.0,0.0,0.0,54.0,0.0,0.0,0.0,5.0,46.0,2280.0,327600.0,20.0,19.0,47414.65,49.1,14353.0,1353.58,36502.0
2022-01-10,416.0,254.0,198.0,115.0,138.0,46.0,141.0,48.0,112.0,118.0,60.0,14.0,92.0,67.0,100.0,67.0,0.0,77.0,62.0,44.0,69.0,78.0,34.0,16.0,40.0,63.0,28.0,33.0,0.0,9.0,20.0,2.0,36.0,35.0,12.0,15.0,0.0,13.0,25.0,0.0,0.0,18.0,21.0,8.0,17.0,0.0,0.0,0.0,0.0,12.0,0.0,0.0,7.0,3.0,0.0,4.0,0.0,0.0,0.0,0.0,0.0,0.0,0.0,1.0,28.0,960.0,84000.0,20.0,20.0,46515.83,22.35,12024.0,1256.58,41244.0
2022-01-17,0.0,0.0,0.0,0.0,0.0,0.0,0.0,0.0,0.0,0.0,0.0,0.0,0.0,0.0,0.0,0.0,0.0,0.0,0.0,0.0,0.0,0.0,0.0,0.0,0.0,0.0,0.0,0.0,0.0,0.0,0.0,0.0,0.0,0.0,0.0,0.0,0.0,0.0,0.0,0.0,0.0,0.0,0.0,0.0,0.0,0.0,0.0,0.0,0.0,0.0,0.0,0.0,0.0,0.0,0.0,0.0,0.0,0.0,0.0,0.0,0.0,0.0,0.0,0.0,0.0,0.0,0.0,12.0,12.0,46633.54,0.47,13568.0,1119.82,43172.0
2022-01-24,0.0,0.0,0.0,0.0,0.0,0.0,0.0,0.0,0.0,0.0,0.0,0.0,0.0,0.0,0.0,0.0,0.0,0.0,0.0,0.0,0.0,0.0,0.0,0.0,0.0,0.0,0.0,0.0,0.0,0.0,0.0,0.0,0.0,0.0,0.0,0.0,0.0,0.0,0.0,0.0,0.0,0.0,0.0,0.0,0.0,0.0,0.0,0.0,0.0,0.0,0.0,0.0,0.0,0.0,0.0,0.0,0.0,0.0,0.0,0.0,0.0,0.0,0.0,0.0,0.0,0.0,0.0,12.0,12.0,46722.35,5.65,13456.0,1260.06,47371.0
2022-01-31,0.0,0.0,0.0,0.0,0.0,0.0,0.0,0.0,0.0,0.0,0.0,0.0,0.0,0.0,0.0,0.0,0.0,0.0,0.0,0.0,0.0,0.0,0.0,0.0,0.0,0.0,0.0,0.0,0.0,0.0,0.0,0.0,0.0,0.0,0.0,0.0,0.0,0.0,0.0,0.0,0.0,0.0,0.0,0.0,0.0,0.0,0.0,0.0,0.0,0.0,0.0,0.0,0.0,0.0,0.0,0.0,0.0,0.0,0.0,0.0,0.0,0.0,0.0,0.0,0.0,168.0,0.0,15.0,15.0,46769.72,5.8,13439.0,1587.27,44592.0
2022-02-07,0.0,0.0,0.0,0.0,0.0,0.0,0.0,0.0,0.0,0.0,0.0,0.0,0.0,0.0,0.0,0.0,0.0,0.0,0.0,0.0,0.0,0.0,0.0,0.0,0.0,0.0,0.0,0.0,0.0,0.0,0.0,0.0,0.0,0.0,0.0,0.0,0.0,0.0,0.0,0.0,0.0,0.0,0.0,0.0,0.0,0.0,0.0,0.0,0.0,0.0,0.0,0.0,0.0,0.0,0.0,0.0,0.0,0.0,0.0,0.0,0.0,0.0,0.0,0.0,0.0,360.0,0.0,14.0,14.0,46851.67,34.9,13636.0,1737.49,44831.0
2022-02-14,0.0,0.0,0.0,0.0,0.0,0.0,0.0,0.0,0.0,0.0,0.0,0.0,0.0,0.0,0.0,0.0,0.0,0.0,0.0,0.0,0.0,0.0,0.0,0.0,0.0,0.0,0.0,0.0,0.0,0.0,0.0,0.0,0.0,0.0,0.0,0.0,0.0,0.0,0.0,0.0,0.0,0.0,0.0,0.0,0.0,0.0,0.0,0.0,0.0,0.0,0.0,0.0,0.0,0.0,0.0,0.0,0.0,0.0,0.0,0.0,0.0,0.0,0.0,0.0,0.0,384.0,31200.0,17.0,17.0,46825.65,5.9,13700.0,1414.55,39558.0
2022-02-21,220.0,112.0,104.0,53.0,41.0,63.0,80.0,78.0,74.0,51.0,40.0,40.0,47.0,31.0,23.0,21.0,23.0,46.0,0.0,24.0,28.0,22.0,11.0,12.0,12.0,8.0,23.0,19.0,17.0,1.0,8.0,1.0,0.0,16.0,9.0,6.0,2.0,8.0,12.0,8.0,15.0,17.0,6.0,3.0,5.0,0.0,5.0,0.0,0.0,0.0,5.0,8.0,0.0,5.0,0.0,2.0,0.0,0.0,0.0,0.0,0.0,0.0,0.0,0.0,18.0,528.0,238800.0,14.0,14.0,46941.52,75.94,13457.0,2012.23,41410.0
2022-02-28,352.0,200.0,218.0,143.0,89.0,101.0,152.0,107.0,96.0,63.0,75.0,87.0,83.0,72.0,50.0,42.0,42.0,73.0,72.0,61.0,50.0,63.0,23.0,31.0,42.0,26.0,23.0,31.0,105.0,21.0,22.0,0.0,0.0,8.0,27.0,12.0,16.0,17.0,17.0,16.0,18.0,12.0,13.0,15.0,6.0,0.0,16.0,0.0,0.0,4.0,20.0,22.0,6.0,8.0,0.0,6.0,0.0,0.0,10.0,5.0,0.0,0.0,0.0,0.0,32.0,408.0,244800.0,17.0,18.0,46750.64,17.64,6148.0,1382.59,37235.0
2022-03-07,618.0,292.0,322.0,103.0,161.0,146.0,197.0,172.0,170.0,145.0,112.0,126.0,86.0,94.0,109.0,71.0,48.0,61.0,88.0,66.0,61.0,77.0,36.0,33.0,38.0,59.0,34.0,44.0,94.0,18.0,29.0,14.0,0.0,36.0,29.0,24.0,9.0,21.0,20.0,26.0,60.0,16.0,14.0,10.0,15.0,0.0,12.0,0.0,0.0,16.0,12.0,12.0,12.0,8.0,0.0,6.0,0.0,0.0,4.0,1.0,1.0,0.0,0.0,0.0,44.0,144.0,242400.0,14.0,14.0,46381.47,0.0,6730.0,759.57,17850.0
2022-03-14,554.0,315.0,241.0,192.0,123.0,169.0,196.0,148.0,170.0,109.0,107.0,104.0,83.0,76.0,106.0,83.0,55.0,64.0,74.0,68.0,68.0,68.0,35.0,42.0,48.0,54.0,51.0,39.0,57.0,15.0,25.0,33.0,9.0,40.0,25.0,36.0,20.0,13.0,27.0,40.0,37.0,28.0,23.0,10.0,7.0,0.0,12.0,0.0,0.0,15.0,25.0,9.0,10.0,9.0,0.0,5.0,8.0,0.0,0.0,0.0,0.0,0.0,0.0,0.0,45.0,168.0,242400.0,16.0,16.0,46886.18,8.16,6724.0,1087.18,24323.0
2022-03-21,565.0,332.0,307.0,142.0,107.0,119.0,215.0,117.0,154.0,108.0,139.0,108.0,96.0,68.0,101.0,83.0,53.0,67.0,66.0,67.0,78.0,47.0,37.0,40.0,37.0,39.0,38.0,35.0,41.0,19.0,18.0,30.0,9.0,36.0,40.0,29.0,13.0,15.0,26.0,15.0,44.0,29.0,11.0,13.0,13.0,0.0,7.0,0.0,0.0,12.0,24.0,12.0,10.0,12.0,0.0,5.0,8.0,0.0,0.0,0.0,0.0,0.0,0.0,0.0,45.0,96.0,242400.0,16.0,16.0,47035.95,10.06,6446.0,996.03,22779.0
2022-03-28,543.0,381.0,347.0,127.0,124.0,147.0,265.0,155.0,186.0,189.0,180.0,137.0,98.0,93.0,131.0,103.0,59.0,61.0,79.0,85.0,68.0,43.0,45.0,50.0,43.0,43.0,49.0,45.0,32.0,20.0,25.0,33.0,18.0,67.0,33.0,42.0,38.0,25.0,20.0,38.0,27.0,0.0,13.0,14.0,12.0,0.0,9.0,0.0,0.0,14.0,16.0,5.0,12.0,12.0,0.0,8.0,6.0,0.0,0.0,0.0,0.0,0.0,0.0,0.0,39.0,0.0,243600.0,17.0,16.0,46910.47,0.0,4234.0,555.88,33284.0
2022-04-04,617.0,350.0,340.0,128.0,160.0,153.0,224.0,148.0,202.0,150.0,122.0,102.0,97.0,88.0,108.0,89.0,54.0,82.0,65.0,81.0,85.0,62.0,44.0,50.0,46.0,48.0,45.0,45.0,34.0,18.0,25.0,15.0,1.0,37.0,27.0,30.0,19.0,12.0,17.0,27.0,24.0,33.0,14.0,16.0,16.0,0.0,10.0,0.0,0.0,9.0,17.0,8.0,10.0,11.0,0.0,6.0,0.0,0.0,7.0,0.0,0.0,0.0,0.0,0.0,45.0,72.0,295200.0,19.0,21.0,46564.77,14.97,14189.0,1263.83,27073.0
2022-04-11,778.0,458.0,498.0,244.0,221.0,275.0,188.0,141.0,208.0,164.0,146.0,164.0,150.0,89.0,126.0,129.0,93.0,51.0,86.0,100.0,112.0,87.0,69.0,55.0,58.0,90.0,27.0,49.0,51.0,25.0,25.0,20.0,0.0,39.0,34.0,31.0,21.0,16.0,23.0,38.0,38.0,33.0,15.0,13.0,15.0,0.0,19.0,0.0,0.0,14.0,12.0,14.0,9.0,7.0,0.0,4.0,17.0,0.0,18.0,0.0,0.0,0.0,0.0,0.0,48.0,696.0,453600.0,22.0,21.0,46977.2,31.59,12272.0,1443.52,43031.0
2022-04-18,1790.0,943.0,1092.0,400.0,576.0,573.0,277.0,416.0,235.0,259.0,255.0,263.0,215.0,243.0,233.0,219.0,276.0,140.0,186.0,177.0,158.0,228.0,124.0,137.0,165.0,169.0,56.0,93.0,88.0,67.0,36.0,69.0,118.0,11.0,32.0,46.0,49.0,44.0,42.0,48.0,56.0,34.0,23.0,13.0,21.0,0.0,20.0,0.0,0.0,13.0,32.0,38.0,13.0,15.0,23.0,11.0,18.0,0.0,0.0,26.0,0.0,4.0,0.0,0.0,58.0,2112.0,564000.0,22.0,23.0,47490.1,0.53,10091.0,925.65,27494.0
2022-04-25,1114.0,490.0,579.0,223.0,297.0,348.0,217.0,286.0,141.0,177.0,164.0,128.0,157.0,146.0,147.0,146.0,134.0,96.0,138.0,122.0,110.0,148.0,116.0,105.0,111.0,135.0,70.0,60.0,38.0,40.0,26.0,82.0,72.0,24.0,35.0,43.0,29.0,31.0,30.0,49.0,41.0,0.0,10.0,13.0,20.0,0.0,29.0,0.0,0.0,11.0,41.0,9.0,10.0,11.0,8.0,5.0,13.0,0.0,0.0,11.0,0.0,0.0,0.0,0.0,46.0,1248.0,477600.0,23.0,23.0,47522.05,0.5800000000000001,4049.0,1176.39,10618.0
2022-05-02,548.0,451.0,284.0,78.0,113.0,120.0,176.0,190.0,128.0,134.0,111.0,108.0,98.0,92.0,122.0,74.0,67.0,51.0,50.0,73.0,85.0,77.0,50.0,56.0,54.0,47.0,49.0,39.0,7.0,30.0,17.0,16.0,67.0,0.0,37.0,36.0,12.0,18.0,46.0,57.0,21.0,0.0,17.0,20.0,11.0,0.0,10.0,0.0,0.0,7.0,0.0,5.0,4.0,7.0,0.0,7.0,17.0,0.0,0.0,0.0,0.0,0.0,0.0,0.0,46.0,0.0,304800.0,21.0,21.0,47293.57,0.0,9112.0,641.75,38296.0
2022-05-09,561.0,325.0,318.0,119.0,94.0,120.0,150.0,157.0,87.0,160.0,126.0,77.0,87.0,89.0,97.0,68.0,73.0,56.0,67.0,62.0,86.0,41.0,55.0,68.0,54.0,46.0,67.0,26.0,22.0,31.0,21.0,3.0,93.0,0.0,13.0,36.0,22.0,11.0,33.0,26.0,32.0,16.0,15.0,9.0,6.0,0.0,11.0,0.0,0.0,12.0,13.0,8.0,9.0,4.0,0.0,3.0,0.0,0.0,0.0,1.0,0.0,5.0,0.0,0.0,46.0,0.0,285600.0,18.0,19.0,47581.95,2.36,10331.0,572.42,39232.0
2022-05-16,670.0,462.0,301.0,170.0,98.0,142.0,218.0,169.0,133.0,169.0,141.0,103.0,104.0,88.0,125.0,86.0,68.0,65.0,75.0,57.0,87.0,55.0,58.0,59.0,54.0,61.0,65.0,38.0,27.0,47.0,27.0,5.0,91.0,21.0,52.0,26.0,24.0,17.0,27.0,24.0,37.0,15.0,17.0,14.0,10.0,0.0,6.0,0.0,0.0,10.0,17.0,7.0,9.0,10.0,0.0,8.0,0.0,0.0,0.0,4.0,0.0,1.0,0.0,0.0,43.0,0.0,285600.0,18.0,17.0,48166.71,10.870000000000001,10986.0,984.79,34472.0
2022-05-23,746.0,476.0,482.0,186.0,164.0,222.0,238.0,190.0,153.0,186.0,137.0,163.0,118.0,98.0,145.0,104.0,87.0,77.0,61.0,69.0,100.0,48.0,57.0,59.0,63.0,70.0,52.0,48.0,13.0,31.0,27.0,35.0,75.0,25.0,52.0,36.0,19.0,23.0,30.0,41.0,21.0,36.0,20.0,18.0,12.0,0.0,17.0,0.0,0.0,14.0,19.0,11.0,8.0,11.0,28.0,6.0,0.0,0.0,0.0,0.0,0.0,0.0,0.0,0.0,46.0,48.0,433200.0,20.0,18.0,48380.03,24.14,12618.0,810.44,33418.0
2022-05-30,1125.0,756.0,754.0,294.0,314.0,354.0,354.0,310.0,258.0,235.0,210.0,254.0,179.0,167.0,221.0,175.0,120.0,111.0,73.0,123.0,135.0,85.0,98.0,97.0,101.0,118.0,68.0,96.0,58.0,52.0,34.0,22.0,131.0,29.0,58.0,32.0,21.0,29.0,36.0,31.0,40.0,34.0,25.0,17.0,18.0,0.0,30.0,0.0,0.0,12.0,62.0,16.0,14.0,13.0,24.0,6.0,0.0,18.0,0.0,3.0,0.0,0.0,0.0,0.0,61.0,408.0,424800.0,28.0,25.0,47925.48,21.64,11644.0,1418.38,46813.0
2022-06-06,1008.0,524.0,699.0,272.0,256.0,328.0,244.0,268.0,215.0,199.0,156.0,176.0,156.0,103.0,167.0,155.0,94.0,69.0,61.0,130.0,101.0,56.0,56.0,67.0,55.0,68.0,49.0,76.0,40.0,49.0,16.0,2.0,107.0,39.0,52.0,16.0,20.0,17.0,24.0,38.0,41.0,33.0,20.0,12.0,14.0,0.0,12.0,0.0,0.0,21.0,43.0,10.0,14.0,12.0,28.0,5.0,7.0,0.0,0.0,1.0,0.0,0.0,0.0,0.0,54.0,96.0,454800.0,23.0,23.0,48009.71,29.78,10355.0,904.79,23390.0
2022-06-13,1710.0,989.0,956.0,354.0,432.0,535.0,440.0,475.0,335.0,357.0,272.0,241.0,282.0,216.0,255.0,259.0,133.0,103.0,115.0,206.0,191.0,131.0,139.0,141.0,112.0,105.0,92.0,137.0,45.0,53.0,40.0,14.0,175.0,48.0,59.0,61.0,46.0,44.0,29.0,79.0,39.0,18.0,29.0,26.0,15.0,0.0,22.0,0.0,0.0,13.0,22.0,17.0,19.0,11.0,52.0,14.0,16.0,18.0,29.0,3.0,0.0,0.0,0.0,0.0,63.0,456.0,523200.0,23.0,23.0,48352.31,13.08,9186.0,985.84,40018.0
2022-06-20,1273.0,736.0,672.0,276.0,478.0,376.0,319.0,411.0,262.0,280.0,226.0,214.0,186.0,221.0,208.0,147.0,149.0,128.0,108.0,165.0,219.0,118.0,159.0,108.0,114.0,100.0,85.0,70.0,65.0,41.0,46.0,7.0,87.0,39.0,59.0,41.0,25.0,39.0,48.0,70.0,20.0,17.0,29.0,20.0,18.0,0.0,24.0,0.0,0.0,18.0,50.0,18.0,14.0,13.0,50.0,14.0,0.0,0.0,1.0,5.0,0.0,0.0,0.0,0.0,63.0,240.0,480000.0,22.0,21.0,48436.14,14.27,11628.0,713.57,37384.0
2022-06-27,983.0,597.0,619.0,195.0,273.0,319.0,184.0,271.0,168.0,161.0,160.0,172.0,122.0,140.0,183.0,118.0,93.0,82.0,97.0,118.0,137.0,89.0,120.0,86.0,76.0,84.0,78.0,70.0,39.0,49.0,29.0,0.0,69.0,13.0,30.0,30.0,17.0,23.0,26.0,49.0,33.0,33.0,17.0,14.0,23.0,0.0,23.0,0.0,0.0,5.0,35.0,15.0,12.0,12.0,22.0,6.0,0.0,14.0,0.0,7.0,0.0,0.0,0.0,0.0,54.0,24.0,417600.0,29.0,27.0,48793.97,23.28,9820.0,679.15,30545.0
2022-07-04,1835.0,809.0,866.0,450.0,448.0,464.0,293.0,378.0,258.0,246.0,200.0,168.0,181.0,165.0,172.0,134.0,110.0,131.0,108.0,169.0,220.0,125.0,146.0,128.0,108.0,108.0,70.0,106.0,60.0,62.0,39.0,0.0,103.0,13.0,22.0,37.0,16.0,31.0,25.0,49.0,25.0,17.0,24.0,20.0,23.0,0.0,26.0,0.0,0.0,18.0,37.0,26.0,11.0,12.0,6.0,8.0,0.0,0.0,0.0,2.0,0.0,1.0,0.0,0.0,63.0,216.0,400800.0,31.0,29.0,48937.15,8.66,8991.0,851.07,31894.0
2022-07-11,1480.0,805.0,950.0,477.0,476.0,550.0,401.0,364.0,208.0,93.0,169.0,236.0,146.0,130.0,215.0,32.0,114.0,88.0,138.0,134.0,140.0,82.0,125.0,82.0,65.0,69.0,17.0,69.0,98.0,34.0,37.0,41.0,30.0,0.0,24.0,16.0,27.0,30.0,21.0,29.0,27.0,34.0,18.0,17.0,17.0,0.0,29.0,0.0,0.0,12.0,2.0,30.0,16.0,16.0,0.0,10.0,0.0,0.0,0.0,0.0,0.0,0.0,0.0,0.0,61.0,864.0,441600.0,33.0,29.0,48520.56,15.95,13265.0,1272.08,51184.0
2022-07-18,1526.0,716.0,883.0,389.0,483.0,443.0,291.0,424.0,172.0,230.0,205.0,202.0,179.0,199.0,220.0,124.0,197.0,116.0,88.0,159.0,179.0,129.0,158.0,119.0,99.0,92.0,0.0,85.0,85.0,32.0,38.0,37.0,0.0,0.0,15.0,12.0,19.0,19.0,29.0,30.0,23.0,0.0,12.0,10.0,27.0,0.0,29.0,0.0,0.0,20.0,16.0,31.0,14.0,17.0,0.0,10.0,0.0,9.0,0.0,1.0,0.0,0.0,0.0,0.0,51.0,1416.0,526800.0,31.0,27.0,48779.8,6.92,12858.0,867.74,45789.0
2022-07-25,1830.0,959.0,1273.0,549.0,677.0,501.0,314.0,443.0,151.0,159.0,211.0,333.0,185.0,272.0,250.0,3.0,182.0,72.0,91.0,190.0,189.0,133.0,148.0,149.0,132.0,86.0,35.0,102.0,137.0,63.0,38.0,63.0,0.0,0.0,25.0,5.0,30.0,34.0,45.0,26.0,39.0,18.0,18.0,16.0,26.0,0.0,29.0,0.0,0.0,21.0,10.0,38.0,13.0,16.0,0.0,13.0,0.0,4.0,0.0,0.0,0.0,0.0,0.0,0.0,54.0,1920.0,597600.0,33.0,27.0,49127.88,15.92,10746.0,854.62,38925.0
2022-08-01,1749.0,925.0,1205.0,464.0,609.0,530.0,295.0,493.0,157.0,267.0,239.0,443.0,196.0,233.0,265.0,0.0,215.0,109.0,154.0,222.0,152.0,143.0,217.0,159.0,101.0,79.0,87.0,143.0,69.0,71.0,40.0,88.0,0.0,14.0,48.0,3.0,23.0,38.0,57.0,58.0,52.0,0.0,17.0,17.0,23.0,0.0,29.0,0.0,0.0,19.0,60.0,32.0,23.0,18.0,0.0,15.0,0.0,0.0,0.0,0.0,0.0,0.0,0.0,1.0,52.0,2496.0,616800.0,31.0,27.0,48736.44,15.84,12290.0,891.31,38378.0
2022-08-08,1761.0,971.0,1077.0,558.0,582.0,500.0,267.0,551.0,120.0,176.0,232.0,369.0,222.0,269.0,268.0,0.0,220.0,96.0,160.0,257.0,173.0,161.0,195.0,146.0,123.0,103.0,30.0,147.0,121.0,73.0,52.0,40.0,18.0,20.0,54.0,0.0,32.0,30.0,41.0,59.0,53.0,31.0,12.0,10.0,31.0,0.0,22.0,0.0,0.0,9.0,113.0,25.0,16.0,18.0,0.0,13.0,0.0,0.0,0.0,0.0,0.0,0.0,0.0,0.0,49.0,2688.0,624000.0,36.0,25.0,48952.47,4.3500000000000005,8809.0,723.23,40919.0
2022-08-15,1587.0,965.0,1200.0,470.0,595.0,502.0,272.0,571.0,119.0,150.0,232.0,331.0,233.0,269.0,268.0,0.0,239.0,96.0,170.0,210.0,177.0,143.0,170.0,132.0,126.0,83.0,70.0,163.0,166.0,82.0,47.0,45.0,0.0,2.0,47.0,0.0,29.0,37.0,64.0,60.0,30.0,2.0,24.0,18.0,7.0,0.0,35.0,0.0,0.0,12.0,64.0,28.0,14.0,16.0,0.0,12.0,0.0,0.0,0.0,0.0,0.0,0.0,0.0,0.0,49.0,2448.0,590400.0,31.0,26.0,49438.39,4.95,5532.0,708.79,12795.0
2022-08-22,1289.0,750.0,985.0,405.0,528.0,455.0,324.0,490.0,127.0,253.0,237.0,242.0,172.0,245.0,231.0,24.0,239.0,77.0,157.0,156.0,187.0,92.0,149.0,149.0,108.0,64.0,33.0,86.0,125.0,60.0,34.0,16.0,0.0,44.0,55.0,0.0,24.0,29.0,46.0,50.0,28.0,18.0,18.0,17.0,25.0,0.0,22.0,0.0,0.0,12.0,59.0,22.0,13.0,17.0,0.0,12.0,0.0,0.0,0.0,0.0,0.0,0.0,0.0,0.0,49.0,1944.0,598800.0,33.0,29.0,49025.21,14.63,9819.0,641.91,34069.0
2022-08-29,1114.0,721.0,901.0,316.0,603.0,355.0,356.0,394.0,184.0,234.0,177.0,227.0,170.0,204.0,218.0,77.0,145.0,132.0,179.0,149.0,175.0,184.0,171.0,107.0,101.0,94.0,65.0,86.0,91.0,79.0,36.0,15.0,0.0,37.0,65.0,0.0,44.0,33.0,36.0,41.0,10.0,0.0,12.0,9.0,18.0,0.0,27.0,0.0,0.0,14.0,64.0,16.0,18.0,11.0,0.0,8.0,0.0,0.0,0.0,0.0,0.0,0.0,0.0,0.0,49.0,1200.0,612000.0,31.0,27.0,49226.76,2.48,8979.0,1011.13,34153.0
2022-09-05,773.0,514.0,609.0,276.0,409.0,211.0,197.0,285.0,102.0,183.0,138.0,211.0,117.0,136.0,174.0,74.0,80.0,103.0,128.0,93.0,128.0,142.0,118.0,71.0,81.0,68.0,16.0,55.0,87.0,67.0,33.0,11.0,0.0,9.0,22.0,0.0,49.0,27.0,24.0,46.0,7.0,0.0,18.0,14.0,3.0,0.0,18.0,0.0,0.0,15.0,51.0,17.0,11.0,11.0,0.0,9.0,0.0,0.0,4.0,0.0,0.0,0.0,0.0,0.0,40.0,624.0,572400.0,24.0,23.0,48917.92,0.0,9200.0,1120.28,14895.0
2022-09-12,808.0,661.0,503.0,235.0,265.0,253.0,290.0,338.0,150.0,200.0,111.0,210.0,110.0,109.0,218.0,61.0,98.0,89.0,126.0,92.0,138.0,112.0,104.0,96.0,106.0,61.0,69.0,72.0,88.0,41.0,33.0,7.0,0.0,0.0,53.0,16.0,44.0,27.0,26.0,29.0,41.0,0.0,16.0,15.0,9.0,0.0,32.0,0.0,0.0,16.0,54.0,22.0,11.0,7.0,0.0,9.0,18.0,0.0,4.0,0.0,0.0,0.0,0.0,0.0,48.0,288.0,492000.0,23.0,23.0,48656.42,28.93,12683.0,768.1899999999999,22038.0
2022-09-19,774.0,520.0,299.0,127.0,230.0,214.0,294.0,288.0,189.0,202.0,98.0,210.0,115.0,93.0,173.0,70.0,79.0,64.0,90.0,89.0,121.0,91.0,77.0,78.0,86.0,80.0,87.0,63.0,112.0,19.0,40.0,0.0,0.0,34.0,52.0,15.0,40.0,31.0,34.0,60.0,35.0,0.0,17.0,14.0,12.0,0.0,42.0,0.0,0.0,22.0,17.0,13.0,13.0,10.0,0.0,5.0,15.0,0.0,16.0,0.0,0.0,0.0,0.0,0.0,50.0,0.0,360000.0,20.0,19.0,48285.21,66.52,12000.0,1500.01,51904.0
2022-09-26,777.0,469.0,292.0,159.0,177.0,215.0,211.0,250.0,178.0,218.0,90.0,232.0,107.0,81.0,174.0,62.0,70.0,70.0,89.0,96.0,109.0,87.0,69.0,51.0,76.0,74.0,81.0,64.0,81.0,21.0,20.0,10.0,0.0,41.0,54.0,25.0,17.0,25.0,28.0,48.0,19.0,18.0,18.0,14.0,14.0,0.0,23.0,0.0,0.0,16.0,29.0,15.0,16.0,12.0,0.0,6.0,18.0,0.0,6.0,3.0,0.0,0.0,0.0,0.0,48.0,0.0,364800.0,20.0,19.0,48002.17,22.96,11605.0,819.0,37310.0
2022-10-03,857.0,537.0,370.0,178.0,223.0,228.0,251.0,267.0,170.0,218.0,126.0,189.0,129.0,94.0,157.0,74.0,66.0,70.0,73.0,87.0,91.0,80.0,93.0,42.0,68.0,80.0,36.0,73.0,70.0,32.0,27.0,0.0,0.0,28.0,37.0,27.0,11.0,27.0,34.0,50.0,27.0,36.0,11.0,16.0,12.0,0.0,35.0,0.0,0.0,23.0,34.0,15.0,11.0,11.0,0.0,10.0,0.0,0.0,0.0,0.0,0.0,0.0,0.0,0.0,48.0,0.0,412800.0,21.0,22.0,47860.53,47.54,11720.0,989.26,44723.0
2022-10-10,501.0,309.0,164.0,64.0,129.0,135.0,140.0,141.0,67.0,76.0,47.0,94.0,62.0,44.0,68.0,39.0,74.0,36.0,2.0,34.0,44.0,59.0,39.0,30.0,38.0,32.0,36.0,24.0,45.0,15.0,10.0,0.0,0.0,36.0,31.0,11.0,5.0,15.0,12.0,21.0,12.0,0.0,6.0,6.0,5.0,0.0,14.0,0.0,0.0,4.0,20.0,5.0,3.0,6.0,0.0,4.0,18.0,0.0,0.0,0.0,0.0,0.0,0.0,0.0,16.0,240.0,408000.0,26.0,25.0,48020.68,6.13,9340.0,1341.23,37711.0
2022-10-17,1318.0,662.0,582.0,289.0,371.0,414.0,285.0,404.0,219.0,225.0,171.0,237.0,173.0,135.0,200.0,96.0,212.0,107.0,77.0,78.0,123.0,126.0,125.0,53.0,84.0,80.0,54.0,78.0,136.0,36.0,54.0,0.0,0.0,49.0,42.0,18.0,17.0,31.0,46.0,59.0,21.0,18.0,18.0,20.0,19.0,0.0,28.0,0.0,0.0,10.0,66.0,31.0,14.0,15.0,0.0,12.0,18.0,17.0,2.0,0.0,0.0,0.0,0.0,0.0,48.0,672.0,352800.0,26.0,26.0,47890.97,11.67,11538.0,944.61,35956.0
2022-10-24,1347.0,659.0,649.0,286.0,320.0,361.0,308.0,353.0,226.0,242.0,178.0,223.0,128.0,115.0,180.0,90.0,205.0,141.0,97.0,106.0,118.0,124.0,127.0,85.0,77.0,94.0,39.0,77.0,99.0,27.0,36.0,2.0,0.0,23.0,29.0,22.0,22.0,33.0,42.0,58.0,49.0,8.0,18.0,17.0,12.0,0.0,26.0,0.0,0.0,29.0,26.0,29.0,19.0,14.0,0.0,9.0,0.0,0.0,0.0,1.0,0.0,0.0,0.0,0.0,49.0,1152.0,367200.0,25.0,22.0,47974.590000000004,26.17,14236.0,1034.75,31537.0
2022-10-31,1146.0,601.0,265.0,384.0,323.0,297.0,237.0,334.0,207.0,198.0,121.0,182.0,139.0,99.0,150.0,87.0,177.0,83.0,101.0,87.0,109.0,115.0,109.0,64.0,79.0,76.0,40.0,76.0,66.0,16.0,18.0,0.0,0.0,0.0,38.0,18.0,18.0,16.0,26.0,69.0,18.0,15.0,18.0,10.0,18.0,0.0,22.0,0.0,0.0,15.0,0.0,27.0,15.0,10.0,0.0,12.0,17.0,0.0,0.0,2.0,0.0,0.0,0.0,1.0,38.0,1464.0,350400.0,20.0,20.0,48203.0,2.3899999999999997,13043.0,916.54,33465.0
2022-11-07,495.0,325.0,174.0,91.0,190.0,121.0,121.0,205.0,63.0,131.0,72.0,102.0,58.0,80.0,101.0,57.0,76.0,60.0,64.0,47.0,71.0,64.0,59.0,56.0,53.0,57.0,25.0,31.0,55.0,16.0,12.0,0.0,0.0,0.0,21.0,14.0,22.0,8.0,15.0,49.0,27.0,16.0,14.0,10.0,13.0,0.0,19.0,0.0,0.0,12.0,0.0,10.0,4.0,5.0,0.0,4.0,15.0,0.0,0.0,0.0,0.0,0.0,0.0,0.0,37.0,624.0,204000.0,16.0,16.0,47746.45,18.11,12442.0,1499.63,35289.0
2022-11-14,290.0,245.0,146.0,65.0,61.0,54.0,150.0,125.0,102.0,66.0,62.0,88.0,56.0,40.0,85.0,16.0,52.0,50.0,17.0,26.0,51.0,32.0,41.0,38.0,31.0,31.0,15.0,26.0,55.0,20.0,16.0,0.0,0.0,0.0,0.0,9.0,15.0,10.0,20.0,10.0,20.0,10.0,9.0,7.0,6.0,0.0,31.0,0.0,0.0,12.0,5.0,9.0,10.0,5.0,0.0,4.0,0.0,0.0,0.0,0.0,0.0,0.0,0.0,0.0,38.0,0.0,124800.0,13.0,12.0,47573.7,2.77,12386.0,1249.62,30891.0
2022-11-21,223.0,133.0,90.0,70.0,41.0,46.0,48.0,57.0,64.0,37.0,46.0,43.0,42.0,35.0,51.0,5.0,38.0,21.0,14.0,32.0,38.0,19.0,20.0,15.0,35.0,23.0,17.0,13.0,20.0,8.0,11.0,0.0,0.0,7.0,13.0,5.0,12.0,5.0,16.0,5.0,18.0,18.0,7.0,7.0,4.0,0.0,15.0,0.0,0.0,10.0,13.0,11.0,4.0,2.0,0.0,2.0,0.0,0.0,0.0,0.0,0.0,0.0,0.0,0.0,31.0,24.0,93600.0,14.0,14.0,46597.87,32.26,13448.0,1302.03,19797.0
2022-11-28,265.0,141.0,73.0,45.0,35.0,38.0,119.0,64.0,74.0,55.0,43.0,36.0,29.0,25.0,35.0,0.0,22.0,12.0,20.0,32.0,39.0,14.0,18.0,25.0,26.0,23.0,2.0,19.0,41.0,10.0,19.0,0.0,0.0,14.0,16.0,9.0,8.0,8.0,9.0,0.0,12.0,15.0,7.0,5.0,9.0,0.0,9.0,0.0,0.0,9.0,13.0,8.0,4.0,5.0,0.0,5.0,1.0,0.0,0.0,0.0,0.0,0.0,0.0,0.0,39.0,0.0,72000.0,15.0,14.0,46901.35,29.44,11670.0,1167.49,30030.0
2022-12-05,351.0,199.0,87.0,42.0,47.0,45.0,173.0,80.0,110.0,74.0,46.0,44.0,63.0,38.0,46.0,4.0,36.0,12.0,6.0,35.0,49.0,34.0,30.0,24.0,32.0,24.0,0.0,30.0,63.0,9.0,25.0,0.0,0.0,35.0,22.0,26.0,12.0,10.0,14.0,0.0,13.0,16.0,8.0,7.0,10.0,0.0,24.0,0.0,0.0,11.0,2.0,10.0,3.0,5.0,0.0,5.0,0.0,0.0,0.0,2.0,0.0,0.0,0.0,2.0,45.0,0.0,54000.0,14.0,14.0,46566.7,7.8100000000000005,16312.0,1133.97,12831.0
2022-12-12,443.0,211.0,106.0,77.0,54.0,46.0,115.0,92.0,105.0,75.0,83.0,58.0,72.0,37.0,65.0,9.0,33.0,16.0,16.0,36.0,41.0,34.0,34.0,21.0,33.0,26.0,32.0,34.0,56.0,7.0,14.0,0.0,0.0,23.0,9.0,17.0,31.0,19.0,21.0,0.0,25.0,0.0,2.0,5.0,9.0,0.0,16.0,0.0,0.0,15.0,0.0,14.0,4.0,5.0,0.0,2.0,0.0,0.0,0.0,0.0,0.0,0.0,0.0,0.0,44.0,0.0,66000.0,13.0,13.0,46061.69,9.45,13536.0,865.94,36969.0
2022-12-19,266.0,120.0,75.0,30.0,38.0,29.0,72.0,58.0,68.0,50.0,38.0,28.0,42.0,24.0,41.0,0.0,20.0,19.0,12.0,35.0,26.0,24.0,19.0,21.0,18.0,13.0,0.0,24.0,38.0,0.0,3.0,0.0,0.0,25.0,15.0,12.0,16.0,11.0,14.0,0.0,10.0,18.0,1.0,8.0,11.0,0.0,15.0,0.0,0.0,7.0,8.0,4.0,3.0,2.0,0.0,2.0,0.0,0.0,0.0,2.0,0.0,0.0,0.0,0.0,37.0,0.0,37200.0,12.0,12.0,45759.69,6.220000000000001,12482.0,1068.1,32339.0
2022-12-26,271.0,110.0,161.0,51.0,38.0,53.0,54.0,54.0,68.0,43.0,27.0,27.0,51.0,30.0,36.0,34.0,15.0,14.0,10.0,35.0,28.0,14.0,26.0,16.0,18.0,19.0,1.0,19.0,28.0,0.0,15.0,0.0,0.0,3.0,10.0,1.0,3.0,14.0,11.0,0.0,10.0,0.0,0.0,0.0,5.0,0.0,7.0,0.0,0.0,9.0,8.0,3.0,2.0,6.0,0.0,2.0,0.0,0.0,0.0,11.0,0.0,0.0,0.0,0.0,16.0,1776.0,67200.0,14.0,14.0,46993.24,15.110000000000001,14182.0,1011.07,34968.0
2023-01-02,647.0,464.0,488.0,204.0,137.0,144.0,239.0,183.0,198.0,167.0,133.0,110.0,133.0,68.0,91.0,96.0,67.0,51.0,49.0,78.0,62.0,39.0,60.0,41.0,58.0,75.0,69.0,62.0,257.0,20.0,37.0,0.0,0.0,48.0,32.0,25.0,26.0,23.0,31.0,0.0,40.0,36.0,18.0,14.0,18.0,0.0,29.0,0.0,0.0,13.0,26.0,23.0,10.0,7.0,0.0,6.0,0.0,18.0,0.0,20.0,0.0,0.0,0.0,0.0,51.0,2688.0,318000.0,16.0,17.0,47283.62,41.41,14048.0,1624.95,37629.0
2023-01-09,452.0,372.0,6.0,36.0,58.0,60.0,147.0,125.0,127.0,129.0,98.0,76.0,127.0,42.0,86.0,80.0,50.0,38.0,48.0,45.0,22.0,24.0,48.0,45.0,52.0,35.0,34.0,40.0,80.0,18.0,31.0,0.0,0.0,0.0,10.0,12.0,5.0,19.0,9.0,0.0,19.0,0.0,5.0,4.0,12.0,0.0,22.0,0.0,0.0,8.0,12.0,11.0,9.0,6.0,0.0,8.0,0.0,18.0,0.0,0.0,0.0,0.0,0.0,0.0,39.0,1032.0,141600.0,21.0,20.0,47169.02,25.48,12278.0,1353.6,36525.0
2023-01-16,0.0,0.0,0.0,0.0,0.0,0.0,0.0,0.0,0.0,0.0,0.0,0.0,0.0,0.0,0.0,0.0,0.0,0.0,0.0,0.0,0.0,0.0,0.0,0.0,0.0,0.0,0.0,0.0,0.0,0.0,0.0,0.0,0.0,0.0,0.0,0.0,0.0,0.0,0.0,0.0,0.0,0.0,0.0,0.0,0.0,0.0,0.0,0.0,0.0,0.0,0.0,0.0,0.0,0.0,0.0,0.0,0.0,0.0,0.0,0.0,0.0,0.0,0.0,0.0,0.0,0.0,0.0,13.0,13.0,47003.91,44.89,13187.0,1654.29,36971.0
2023-01-23,0.0,0.0,0.0,0.0,0.0,0.0,0.0,0.0,0.0,0.0,0.0,0.0,0.0,0.0,0.0,0.0,0.0,0.0,0.0,0.0,0.0,0.0,0.0,0.0,0.0,0.0,0.0,0.0,0.0,0.0,0.0,0.0,0.0,0.0,0.0,0.0,0.0,0.0,0.0,0.0,0.0,0.0,0.0,0.0,0.0,0.0,0.0,0.0,0.0,0.0,0.0,0.0,0.0,0.0,0.0,0.0,0.0,0.0,0.0,0.0,0.0,0.0,0.0,0.0,0.0,0.0,0.0,14.0,13.0,46165.12,6.83,12619.0,1099.84,28094.0
2023-01-30,0.0,0.0,0.0,0.0,0.0,0.0,0.0,0.0,0.0,0.0,0.0,0.0,0.0,0.0,0.0,0.0,0.0,0.0,0.0,0.0,0.0,0.0,0.0,0.0,0.0,0.0,0.0,0.0,0.0,0.0,0.0,0.0,0.0,0.0,0.0,0.0,0.0,0.0,0.0,0.0,0.0,0.0,0.0,0.0,0.0,0.0,0.0,0.0,0.0,0.0,0.0,0.0,0.0,0.0,0.0,0.0,0.0,0.0,0.0,0.0,0.0,0.0,0.0,0.0,0.0,120.0,0.0,14.0,12.0,46371.01,5.0200000000000005,13775.0,1070.52,32607.0
2023-02-06,0.0,0.0,0.0,0.0,0.0,0.0,0.0,0.0,0.0,0.0,0.0,0.0,0.0,0.0,0.0,0.0,0.0,0.0,0.0,0.0,0.0,0.0,0.0,0.0,0.0,0.0,0.0,0.0,0.0,0.0,0.0,0.0,0.0,0.0,0.0,0.0,0.0,0.0,0.0,0.0,0.0,0.0,0.0,0.0,0.0,0.0,0.0,0.0,0.0,0.0,0.0,0.0,0.0,0.0,0.0,0.0,0.0,0.0,0.0,0.0,0.0,0.0,0.0,0.0,0.0,312.0,7200.0,16.0,16.0,46791.68,17.43,12463.0,1417.28,37392.0
2023-02-13,137.0,81.0,74.0,47.0,27.0,44.0,110.0,54.0,62.0,42.0,46.0,29.0,45.0,26.0,53.0,40.0,19.0,49.0,0.0,26.0,20.0,26.0,19.0,20.0,8.0,14.0,0.0,12.0,34.0,0.0,12.0,16.0,0.0,11.0,19.0,14.0,18.0,12.0,12.0,0.0,0.0,0.0,2.0,5.0,8.0,0.0,6.0,0.0,0.0,7.0,16.0,1.0,0.0,3.0,0.0,3.0,17.0,4.0,0.0,0.0,0.0,0.0,0.0,0.0,24.0,336.0,55200.0,13.0,13.0,46508.04,0.32,11924.0,908.61,38475.0
2023-02-20,548.0,335.0,223.0,148.0,65.0,88.0,129.0,109.0,70.0,112.0,118.0,98.0,91.0,58.0,87.0,48.0,44.0,77.0,28.0,54.0,39.0,46.0,38.0,37.0,36.0,47.0,33.0,45.0,74.0,16.0,11.0,0.0,0.0,51.0,22.0,14.0,14.0,9.0,24.0,10.0,0.0,0.0,9.0,10.0,8.0,0.0,15.0,0.0,0.0,9.0,31.0,2.0,8.0,7.0,0.0,6.0,32.0,16.0,0.0,4.0,0.0,0.0,0.0,0.0,24.0,432.0,162000.0,14.0,14.0,46968.5,11.35,13034.0,1147.86,37272.0
2023-02-27,619.0,448.0,265.0,133.0,134.0,191.0,207.0,166.0,171.0,95.0,98.0,135.0,101.0,76.0,92.0,89.0,74.0,91.0,58.0,53.0,73.0,58.0,58.0,64.0,62.0,56.0,24.0,55.0,78.0,26.0,25.0,0.0,0.0,5.0,66.0,22.0,10.0,20.0,40.0,20.0,0.0,17.0,20.0,16.0,13.0,0.0,12.0,0.0,0.0,9.0,38.0,10.0,11.0,10.0,0.0,7.0,4.0,0.0,0.0,9.0,0.0,0.0,0.0,0.0,44.0,288.0,216000.0,13.0,13.0,46810.53,7.73,11952.0,1101.05,29090.0
2023-03-06,302.0,209.0,103.0,67.0,32.0,45.0,87.0,44.0,69.0,50.0,62.0,38.0,46.0,35.0,38.0,33.0,29.0,32.0,17.0,29.0,29.0,28.0,20.0,25.0,29.0,22.0,0.0,11.0,34.0,9.0,14.0,0.0,0.0,23.0,41.0,11.0,9.0,7.0,16.0,0.0,0.0,18.0,9.0,8.0,12.0,0.0,5.0,0.0,0.0,7.0,15.0,1.0,7.0,3.0,0.0,3.0,0.0,0.0,0.0,0.0,0.0,0.0,0.0,0.0,31.0,24.0,81600.0,17.0,13.0,46502.99,6.03,12095.0,838.0,36355.0
2023-03-13,380.0,246.0,114.0,88.0,18.0,53.0,104.0,80.0,97.0,71.0,59.0,83.0,64.0,35.0,63.0,42.0,34.0,49.0,29.0,27.0,26.0,32.0,32.0,34.0,29.0,38.0,33.0,23.0,56.0,2.0,22.0,0.0,0.0,24.0,13.0,15.0,15.0,9.0,23.0,20.0,26.0,0.0,8.0,14.0,9.0,0.0,9.0,0.0,0.0,7.0,25.0,4.0,4.0,5.0,0.0,4.0,0.0,0.0,0.0,1.0,0.0,0.0,0.0,0.0,37.0,168.0,88800.0,14.0,13.0,46427.35,9.06,13031.0,1279.37,33351.0
2023-03-20,359.0,199.0,147.0,89.0,44.0,54.0,96.0,115.0,90.0,64.0,83.0,102.0,55.0,32.0,80.0,46.0,32.0,51.0,35.0,27.0,23.0,44.0,34.0,29.0,16.0,26.0,33.0,20.0,40.0,4.0,18.0,0.0,0.0,14.0,25.0,5.0,8.0,11.0,9.0,10.0,18.0,0.0,6.0,8.0,4.0,0.0,9.0,0.0,0.0,9.0,15.0,4.0,8.0,7.0,1.0,3.0,0.0,0.0,0.0,0.0,0.0,0.0,0.0,0.0,32.0,96.0,87600.0,16.0,13.0,47067.95,11.29,13163.0,1055.99,37161.0
2023-03-27,426.0,218.0,185.0,78.0,36.0,52.0,128.0,91.0,73.0,69.0,60.0,109.0,75.0,38.0,71.0,40.0,32.0,37.0,36.0,33.0,49.0,55.0,47.0,32.0,15.0,29.0,0.0,26.0,44.0,0.0,16.0,1.0,0.0,13.0,32.0,15.0,8.0,12.0,15.0,7.0,17.0,0.0,9.0,9.0,7.0,0.0,12.0,0.0,0.0,8.0,20.0,4.0,7.0,3.0,0.0,5.0,0.0,0.0,0.0,0.0,0.0,0.0,0.0,0.0,29.0,48.0,140400.0,21.0,22.0,47031.26,31.37,11857.0,1401.01,40936.0
2023-04-03,979.0,504.0,359.0,167.0,80.0,160.0,179.0,161.0,116.0,104.0,118.0,144.0,96.0,63.0,92.0,99.0,43.0,71.0,55.0,51.0,55.0,42.0,41.0,51.0,21.0,40.0,30.0,39.0,76.0,8.0,13.0,1.0,1.0,38.0,38.0,17.0,7.0,10.0,19.0,13.0,19.0,0.0,11.0,13.0,12.0,0.0,16.0,0.0,0.0,5.0,26.0,4.0,7.0,6.0,0.0,5.0,15.0,0.0,0.0,0.0,0.0,3.0,0.0,0.0,44.0,576.0,387600.0,26.0,26.0,47038.44,16.47,11500.0,1171.88,25907.0
2023-04-10,1611.0,769.0,860.0,407.0,386.0,419.0,235.0,555.0,215.0,271.0,220.0,333.0,196.0,187.0,238.0,156.0,166.0,158.0,91.0,101.0,165.0,90.0,125.0,151.0,132.0,128.0,39.0,92.0,149.0,65.0,39.0,11.0,84.0,47.0,55.0,27.0,29.0,29.0,43.0,48.0,33.0,0.0,15.0,19.0,16.0,0.0,42.0,0.0,0.0,13.0,39.0,29.0,14.0,11.0,6.0,8.0,0.0,18.0,0.0,0.0,0.0,0.0,0.0,0.0,59.0,2112.0,530400.0,25.0,17.0,47015.24,3.73,10109.0,813.25,18131.0
2023-04-17,964.0,476.0,380.0,185.0,203.0,242.0,137.0,305.0,154.0,174.0,93.0,199.0,113.0,139.0,150.0,101.0,105.0,107.0,65.0,117.0,100.0,60.0,57.0,84.0,88.0,82.0,0.0,64.0,90.0,20.0,25.0,2.0,14.0,31.0,20.0,10.0,18.0,23.0,34.0,49.0,19.0,0.0,17.0,17.0,8.0,0.0,22.0,0.0,0.0,5.0,28.0,15.0,9.0,9.0,12.0,6.0,16.0,0.0,0.0,0.0,1.0,0.0,0.0,0.0,37.0,1272.0,466800.0,25.0,23.0,47193.46,22.41,9995.0,968.17,22417.0
2023-04-24,588.0,339.0,224.0,84.0,110.0,138.0,154.0,201.0,96.0,147.0,98.0,142.0,96.0,76.0,140.0,53.0,51.0,77.0,19.0,62.0,76.0,46.0,42.0,50.0,47.0,41.0,0.0,36.0,50.0,15.0,17.0,15.0,33.0,17.0,25.0,20.0,7.0,15.0,30.0,41.0,15.0,0.0,14.0,14.0,9.0,0.0,16.0,0.0,0.0,5.0,29.0,19.0,5.0,6.0,0.0,3.0,9.0,0.0,0.0,0.0,0.0,0.0,0.0,0.0,40.0,240.0,250800.0,19.0,17.0,47536.46,16.669999999999998,8359.0,1175.29,20092.0
2023-05-01,322.0,258.0,157.0,68.0,73.0,113.0,107.0,176.0,97.0,120.0,82.0,114.0,89.0,45.0,112.0,41.0,52.0,61.0,24.0,31.0,37.0,34.0,38.0,39.0,34.0,26.0,32.0,37.0,42.0,6.0,14.0,1.0,17.0,0.0,29.0,9.0,11.0,14.0,18.0,29.0,33.0,0.0,12.0,11.0,8.0,0.0,13.0,0.0,0.0,6.0,26.0,8.0,7.0,2.0,0.0,4.0,7.0,0.0,0.0,0.0,0.0,0.0,0.0,0.0,41.0,0.0,304800.0,22.0,20.0,47133.35,7.0200000000000005,9535.0,948.21,38091.0
2023-05-08,490.0,365.0,184.0,99.0,131.0,121.0,125.0,224.0,123.0,155.0,114.0,184.0,94.0,56.0,149.0,96.0,96.0,98.0,61.0,57.0,77.0,31.0,52.0,52.0,52.0,42.0,23.0,48.0,72.0,28.0,35.0,17.0,84.0,21.0,34.0,16.0,21.0,25.0,27.0,9.0,32.0,13.0,14.0,15.0,12.0,0.0,16.0,0.0,0.0,6.0,25.0,14.0,9.0,7.0,1.0,6.0,0.0,0.0,0.0,0.0,0.0,0.0,0.0,0.0,56.0,0.0,285600.0,19.0,19.0,47595.62,14.17,12381.0,1005.0600000000001,25252.0
2023-05-15,447.0,337.0,262.0,116.0,120.0,100.0,113.0,210.0,109.0,72.0,79.0,186.0,62.0,51.0,137.0,54.0,72.0,83.0,43.0,43.0,60.0,25.0,53.0,57.0,50.0,38.0,33.0,33.0,58.0,7.0,16.0,14.0,37.0,0.0,30.0,12.0,27.0,17.0,21.0,17.0,27.0,0.0,4.0,11.0,12.0,0.0,11.0,0.0,0.0,11.0,14.0,9.0,2.0,7.0,0.0,4.0,0.0,0.0,0.0,0.0,0.0,1.0,0.0,0.0,51.0,48.0,315600.0,19.0,17.0,47906.89,31.48,12444.0,776.46,22400.0
2023-05-22,1208.0,768.0,456.0,258.0,270.0,272.0,185.0,458.0,216.0,196.0,160.0,330.0,132.0,104.0,249.0,145.0,125.0,97.0,65.0,83.0,172.0,104.0,137.0,126.0,124.0,89.0,81.0,90.0,107.0,44.0,38.0,31.0,104.0,33.0,30.0,14.0,55.0,21.0,42.0,40.0,39.0,31.0,13.0,14.0,8.0,0.0,20.0,0.0,0.0,17.0,0.0,21.0,13.0,9.0,13.0,6.0,0.0,0.0,0.0,6.0,0.0,0.0,0.0,0.0,57.0,384.0,454800.0,28.0,25.0,47836.57,17.55,11388.0,1019.73,26208.0
2023-05-29,876.0,546.0,442.0,180.0,215.0,231.0,275.0,327.0,118.0,154.0,144.0,158.0,108.0,95.0,186.0,76.0,99.0,92.0,39.0,79.0,130.0,85.0,123.0,79.0,65.0,72.0,30.0,65.0,96.0,34.0,31.0,3.0,71.0,29.0,40.0,34.0,40.0,31.0,30.0,30.0,32.0,18.0,14.0,11.0,9.0,0.0,29.0,0.0,0.0,13.0,5.0,22.0,8.0,11.0,0.0,5.0,14.0,0.0,0.0,0.0,0.0,0.0,0.0,0.0,49.0,96.0,447600.0,25.0,25.0,47764.91,0.21,8833.0,1134.14,34115.0
2023-06-05,1352.0,776.0,809.0,352.0,437.0,390.0,300.0,536.0,196.0,279.0,244.0,276.0,192.0,179.0,258.0,121.0,164.0,139.0,86.0,135.0,159.0,110.0,135.0,111.0,120.0,103.0,90.0,105.0,110.0,53.0,58.0,0.0,118.0,24.0,58.0,37.0,25.0,39.0,43.0,12.0,39.0,10.0,15.0,23.0,8.0,0.0,24.0,0.0,0.0,10.0,8.0,21.0,15.0,17.0,0.0,15.0,18.0,0.0,0.0,0.0,0.0,0.0,0.0,0.0,58.0,648.0,442800.0,25.0,25.0,47899.95,0.11,7137.0,882.14,23454.0
2023-06-12,1269.0,677.0,591.0,331.0,339.0,317.0,276.0,455.0,176.0,237.0,159.0,345.0,150.0,176.0,269.0,119.0,156.0,113.0,96.0,135.0,142.0,53.0,112.0,98.0,119.0,80.0,42.0,91.0,104.0,46.0,34.0,30.0,89.0,21.0,28.0,27.0,16.0,38.0,34.0,57.0,25.0,31.0,14.0,14.0,11.0,0.0,28.0,0.0,0.0,10.0,4.0,19.0,8.0,13.0,36.0,7.0,5.0,0.0,0.0,2.0,1.0,0.0,0.0,0.0,50.0,240.0,450000.0,21.0,22.0,48369.33,0.0,4593.0,962.7,17820.0
2023-06-19,1085.0,517.0,509.0,216.0,292.0,263.0,234.0,315.0,188.0,192.0,221.0,237.0,162.0,124.0,194.0,107.0,126.0,104.0,76.0,110.0,107.0,60.0,74.0,93.0,100.0,67.0,26.0,51.0,79.0,35.0,33.0,0.0,76.0,10.0,21.0,23.0,7.0,33.0,37.0,18.0,19.0,3.0,15.0,15.0,7.0,0.0,18.0,0.0,0.0,15.0,0.0,6.0,14.0,9.0,1.0,4.0,0.0,0.0,0.0,2.0,1.0,0.0,0.0,0.0,41.0,0.0,388800.0,21.0,20.0,48724.08,0.4,6846.0,820.6,25151.0
2023-06-26,900.0,497.0,440.0,204.0,258.0,272.0,162.0,278.0,142.0,178.0,150.0,251.0,117.0,116.0,151.0,77.0,100.0,86.0,65.0,106.0,111.0,2.0,73.0,76.0,65.0,71.0,45.0,63.0,56.0,30.0,30.0,0.0,63.0,21.0,24.0,17.0,12.0,20.0,26.0,35.0,32.0,0.0,12.0,11.0,7.0,0.0,20.0,0.0,0.0,5.0,6.0,18.0,10.0,5.0,0.0,3.0,0.0,0.0,0.0,2.0,0.0,0.0,0.0,0.0,38.0,120.0,394800.0,23.0,24.0,48985.71,17.22,9294.0,741.01,32007.0
2023-07-03,959.0,524.0,455.0,187.0,344.0,322.0,190.0,286.0,165.0,149.0,141.0,248.0,98.0,148.0,160.0,61.0,133.0,81.0,86.0,83.0,118.0,2.0,81.0,87.0,75.0,91.0,63.0,64.0,89.0,28.0,28.0,0.0,85.0,16.0,18.0,26.0,22.0,16.0,25.0,28.0,22.0,0.0,7.0,11.0,11.0,0.0,27.0,0.0,0.0,7.0,0.0,17.0,12.0,10.0,8.0,8.0,0.0,0.0,0.0,2.0,0.0,0.0,0.0,0.0,44.0,168.0,441600.0,28.0,28.0,48737.11,21.6,11386.0,1185.99,42580.0
2023-07-10,1209.0,623.0,610.0,259.0,482.0,330.0,195.0,324.0,111.0,208.0,179.0,200.0,135.0,182.0,217.0,82.0,129.0,90.0,71.0,138.0,125.0,18.0,127.0,97.0,109.0,100.0,11.0,74.0,92.0,43.0,26.0,0.0,36.0,16.0,16.0,23.0,33.0,20.0,30.0,30.0,16.0,1.0,8.0,11.0,10.0,0.0,28.0,0.0,0.0,7.0,0.0,17.0,15.0,9.0,4.0,8.0,0.0,0.0,0.0,0.0,10.0,0.0,0.0,0.0,44.0,576.0,526800.0,31.0,29.0,48892.62,45.55,8042.0,1035.59,32531.0
2023-07-17,1960.0,1056.0,953.0,416.0,601.0,450.0,303.0,554.0,242.0,370.0,268.0,270.0,233.0,294.0,400.0,151.0,191.0,172.0,198.0,172.0,264.0,190.0,218.0,168.0,164.0,110.0,74.0,109.0,148.0,62.0,49.0,3.0,95.0,35.0,31.0,35.0,55.0,31.0,38.0,46.0,27.0,1.0,19.0,18.0,16.0,0.0,39.0,0.0,0.0,16.0,0.0,34.0,21.0,21.0,15.0,16.0,0.0,0.0,0.0,0.0,0.0,1.0,0.0,0.0,63.0,1416.0,597600.0,32.0,31.0,48995.5,26.56,10003.0,1080.98,36082.0
2023-07-24,2165.0,1304.0,959.0,415.0,661.0,541.0,393.0,654.0,366.0,423.0,308.0,397.0,270.0,317.0,376.0,206.0,205.0,155.0,197.0,236.0,204.0,222.0,209.0,168.0,186.0,181.0,68.0,118.0,167.0,58.0,44.0,32.0,55.0,46.0,43.0,39.0,45.0,46.0,48.0,60.0,46.0,25.0,15.0,24.0,10.0,0.0,37.0,0.0,0.0,22.0,0.0,36.0,23.0,24.0,16.0,15.0,11.0,0.0,0.0,2.0,0.0,1.0,0.0,0.0,63.0,1920.0,628800.0,29.0,30.0,48582.33,37.97,11669.0,923.7,42168.0
2023-07-31,2253.0,1196.0,1096.0,537.0,720.0,648.0,408.0,753.0,332.0,469.0,297.0,457.0,269.0,305.0,163.0,164.0,285.0,207.0,206.0,327.0,232.0,221.0,212.0,196.0,187.0,180.0,103.0,83.0,163.0,71.0,52.0,21.0,122.0,48.0,48.0,73.0,47.0,39.0,58.0,57.0,34.0,35.0,19.0,20.0,17.0,0.0,39.0,0.0,0.0,20.0,0.0,40.0,21.0,17.0,14.0,18.0,6.0,0.0,0.0,0.0,0.0,0.0,0.0,0.0,63.0,2496.0,633600.0,33.0,30.0,48632.08,40.19,12479.0,954.17,40755.0
2023-08-07,1625.0,948.0,730.0,347.0,534.0,455.0,317.0,452.0,216.0,318.0,152.0,304.0,187.0,258.0,193.0,119.0,222.0,150.0,157.0,164.0,215.0,179.0,162.0,143.0,134.0,158.0,40.0,76.0,162.0,52.0,47.0,3.0,82.0,60.0,55.0,54.0,32.0,39.0,49.0,46.0,32.0,23.0,12.0,13.0,17.0,0.0,33.0,0.0,0.0,11.0,12.0,20.0,21.0,16.0,19.0,14.0,0.0,0.0,8.0,1.0,0.0,0.0,0.0,0.0,54.0,2616.0,590400.0,29.0,29.0,48677.82,49.28,12260.0,1084.45,40438.0
2023-08-14,2102.0,1113.0,876.0,477.0,757.0,547.0,265.0,684.0,249.0,413.0,263.0,373.0,277.0,332.0,353.0,194.0,281.0,172.0,224.0,199.0,259.0,226.0,205.0,176.0,162.0,201.0,40.0,120.0,200.0,57.0,37.0,2.0,65.0,53.0,69.0,24.0,30.0,42.0,48.0,39.0,38.0,34.0,18.0,22.0,13.0,0.0,40.0,0.0,0.0,17.0,12.0,42.0,27.0,25.0,0.0,18.0,2.0,0.0,12.0,6.0,0.0,0.0,0.0,0.0,63.0,2520.0,598800.0,31.0,27.0,48818.56,24.009999999999998,9368.0,939.23,39415.0
2023-08-21,2006.0,1195.0,767.0,473.0,721.0,450.0,300.0,642.0,279.0,447.0,316.0,334.0,307.0,312.0,346.0,178.0,242.0,172.0,225.0,223.0,298.0,237.0,220.0,180.0,183.0,167.0,92.0,109.0,190.0,68.0,37.0,0.0,68.0,44.0,27.0,34.0,35.0,40.0,46.0,27.0,40.0,9.0,18.0,19.0,16.0,0.0,36.0,0.0,0.0,20.0,32.0,28.0,24.0,21.0,0.0,15.0,11.0,2.0,2.0,0.0,0.0,0.0,0.0,0.0,63.0,2040.0,612000.0,29.0,29.0,48973.78,2.58,9178.0,767.75,28774.0
2023-08-28,1684.0,1069.0,816.0,411.0,701.0,488.0,368.0,645.0,259.0,331.0,319.0,324.0,258.0,328.0,228.0,173.0,262.0,192.0,199.0,221.0,246.0,231.0,217.0,174.0,185.0,166.0,74.0,105.0,164.0,74.0,49.0,6.0,90.0,13.0,36.0,52.0,40.0,45.0,47.0,35.0,46.0,5.0,18.0,20.0,15.0,0.0,49.0,0.0,0.0,16.0,0.0,34.0,16.0,23.0,0.0,13.0,3.0,3.0,0.0,4.0,0.0,0.0,0.0,0.0,63.0,1344.0,572400.0,32.0,29.0,48806.48,38.74,10476.0,710.82,38631.0
2023-09-04,1457.0,906.0,697.0,305.0,495.0,426.0,294.0,468.0,297.0,377.0,266.0,290.0,226.0,239.0,199.0,154.0,246.0,160.0,197.0,212.0,167.0,221.0,185.0,151.0,147.0,122.0,50.0,87.0,122.0,65.0,44.0,0.0,42.0,24.0,53.0,31.0,25.0,34.0,61.0,27.0,31.0,0.0,16.0,20.0,15.0,0.0,31.0,0.0,0.0,19.0,0.0,27.0,24.0,16.0,0.0,9.0,0.0,0.0,0.0,0.0,0.0,0.0,0.0,0.0,61.0,624.0,516000.0,27.0,25.0,48570.65,19.62,10684.0,646.41,42180.0
2023-09-11,973.0,609.0,449.0,219.0,242.0,242.0,237.0,300.0,180.0,251.0,200.0,210.0,149.0,180.0,210.0,120.0,145.0,103.0,126.0,165.0,110.0,173.0,122.0,83.0,117.0,87.0,57.0,77.0,82.0,49.0,34.0,0.0,91.0,25.0,31.0,30.0,32.0,26.0,39.0,0.0,36.0,0.0,10.0,13.0,11.0,0.0,18.0,0.0,0.0,12.0,8.0,12.0,15.0,18.0,0.0,6.0,0.0,0.0,0.0,0.0,0.0,0.0,0.0,0.0,63.0,288.0,446400.0,22.0,22.0,49244.65,0.0,3437.0,646.23,25945.0
2023-09-18,763.0,432.0,345.0,165.0,157.0,165.0,216.0,203.0,201.0,216.0,126.0,152.0,121.0,103.0,151.0,88.0,62.0,82.0,76.0,68.0,56.0,82.0,58.0,63.0,59.0,77.0,52.0,71.0,59.0,24.0,32.0,0.0,32.0,37.0,33.0,19.0,20.0,28.0,31.0,37.0,29.0,0.0,5.0,9.0,10.0,0.0,19.0,0.0,0.0,11.0,1.0,13.0,11.0,9.0,0.0,4.0,0.0,0.0,7.0,0.0,0.0,0.0,0.0,0.0,54.0,0.0,360000.0,19.0,19.0,48780.83,22.49,12412.0,790.87,29884.0
2023-09-25,902.0,471.0,268.0,137.0,194.0,159.0,309.0,279.0,277.0,230.0,158.0,200.0,154.0,78.0,200.0,91.0,88.0,96.0,81.0,78.0,66.0,92.0,64.0,86.0,66.0,89.0,112.0,76.0,81.0,32.0,39.0,0.0,60.0,14.0,32.0,42.0,18.0,33.0,38.0,58.0,42.0,6.0,9.0,14.0,11.0,0.0,22.0,0.0,0.0,14.0,1.0,15.0,16.0,12.0,0.0,9.0,0.0,0.0,3.0,0.0,0.0,0.0,0.0,0.0,63.0,0.0,364800.0,20.0,20.0,48571.02,44.55,11832.0,1258.26,36544.0
2023-10-02,766.0,484.0,316.0,121.0,177.0,181.0,314.0,218.0,310.0,180.0,117.0,185.0,106.0,87.0,170.0,79.0,93.0,79.0,79.0,101.0,87.0,106.0,85.0,95.0,73.0,69.0,89.0,49.0,85.0,23.0,22.0,0.0,0.0,37.0,33.0,17.0,14.0,23.0,26.0,20.0,40.0,0.0,6.0,9.0,12.0,0.0,20.0,0.0,0.0,10.0,0.0,19.0,12.0,12.0,0.0,6.0,0.0,0.0,11.0,0.0,0.0,0.0,0.0,0.0,54.0,192.0,398400.0,22.0,22.0,48707.64,7.62,14187.0,892.16,35686.0
2023-10-09,1296.0,733.0,626.0,276.0,431.0,385.0,368.0,417.0,365.0,294.0,220.0,273.0,191.0,170.0,255.0,142.0,170.0,104.0,102.0,127.0,113.0,177.0,130.0,110.0,112.0,100.0,96.0,78.0,122.0,35.0,32.0,0.0,0.0,62.0,69.0,29.0,14.0,27.0,37.0,60.0,33.0,0.0,15.0,15.0,11.0,0.0,32.0,0.0,0.0,21.0,0.0,28.0,18.0,18.0,0.0,11.0,16.0,0.0,11.0,0.0,0.0,0.0,0.0,0.0,63.0,528.0,408000.0,25.0,21.0,48412.26,47.16,14904.0,1346.67,39733.0
2023-10-16,1183.0,601.0,651.0,244.0,349.0,326.0,288.0,355.0,282.0,232.0,174.0,209.0,139.0,137.0,208.0,130.0,143.0,91.0,97.0,125.0,142.0,156.0,104.0,101.0,100.0,95.0,72.0,78.0,111.0,26.0,37.0,0.0,0.0,52.0,53.0,24.0,12.0,30.0,25.0,59.0,31.0,0.0,15.0,13.0,16.0,0.0,36.0,0.0,0.0,15.0,0.0,23.0,15.0,11.0,0.0,5.0,16.0,0.0,0.0,0.0,0.0,0.0,0.0,0.0,63.0,624.0,352800.0,28.0,26.0,48165.08,57.32,14001.0,1370.38,43709.0
2023-10-23,1094.0,639.0,717.0,292.0,372.0,276.0,263.0,385.0,293.0,234.0,179.0,224.0,176.0,116.0,198.0,130.0,162.0,97.0,92.0,127.0,153.0,117.0,109.0,113.0,111.0,97.0,84.0,73.0,119.0,36.0,37.0,0.0,1.0,43.0,55.0,10.0,19.0,37.0,43.0,35.0,38.0,19.0,15.0,16.0,16.0,0.0,34.0,0.0,0.0,15.0,12.0,23.0,18.0,16.0,0.0,10.0,0.0,0.0,0.0,0.0,0.0,0.0,0.0,0.0,63.0,1104.0,367200.0,21.0,22.0,47450.3,67.96,12474.0,1368.54,24689.0
2023-10-30,1135.0,599.0,644.0,274.0,355.0,313.0,320.0,409.0,272.0,235.0,170.0,218.0,164.0,172.0,179.0,144.0,161.0,100.0,94.0,111.0,159.0,106.0,100.0,105.0,108.0,100.0,86.0,79.0,115.0,35.0,33.0,0.0,0.0,48.0,80.0,22.0,19.0,47.0,46.0,29.0,41.0,18.0,14.0,14.0,14.0,0.0,24.0,0.0,0.0,13.0,31.0,23.0,12.0,12.0,0.0,8.0,40.0,0.0,0.0,1.0,0.0,0.0,0.0,0.0,63.0,1512.0,350400.0,20.0,20.0,47641.73,35.02,13654.0,1222.51,24419.0
